종목코드,종목명,업종,현재가,PER,PBR,ROE(%),PEG,배당률(%),시가총액(억),1개월_수익률(%),3개월_수익률(%),5개월_수익률(%)
005930,삼성전자,기타,269000.0,40.98,4.2,10.25,4.0,0.0,157264.89,-0.37,-3.24,-3.58
000660,SK하이닉스,기타,1715000.0,29.09,9.99,34.34,0.85,0.0,125279.44,-3.81,-21.55,-6.54
005935,삼성전자우,기타,197300.0,0.0,0.0,0.0,0.0,0.0,15830.78,-1.15,6.3,5.51
402340,SK스퀘어,기타,1136000.0,17.09,5.42,31.71,0.54,0.0,14986.57,0.98,-14.39,0.89
009150,삼성전기,기타,1607000.0,176.61,12.72,7.2,24.53,0.0,12003.28,10.52,7.64,67.75
373220,LG에너지솔루션,기타,387000.0,-84.41,4.48,0.0,0.0,0.0,9055.8,6.76,23.44,-12.64
005380,현대차,기타,336500.0,9.52,0.77,8.09,1.18,0.0,6846.65,-14.38,-24.47,-47.91
105560,KB금융,기타,168300.0,11.13,1.02,9.16,1.22,0.0,5969.39,-4.32,-1.81,9.57
207940,삼성바이오로직스,기타,1278000.0,48.5,8.0,16.49,2.94,0.0,5915.98,-12.15,-2.8,-10.75
032830,삼성생명,기타,278500.0,24.19,0.8,3.31,7.31,0.0,5570.0,-10.74,-14.57,-7.01
028260,삼성물산,기타,335500.0,23.69,1.1,4.64,5.11,0.0,5440.72,-12.63,-11.36,-22.87
034020,두산에너빌리티,기타,79900.0,605.3,6.57,1.09,555.32,0.0,5118.08,-9.1,9.15,-36.39
012450,한화에어로스페이스,기타,979000.0,34.26,5.2,15.18,2.26,0.0,5048.06,-5.77,2.73,-23.75
055550,신한지주,기타,103000.0,10.21,0.85,8.33,1.23,0.0,4835.34,-9.57,-1.9,6.51
006400,삼성SDI,기타,557000.0,-66.91,2.04,0.0,0.0,0.0,4488.61,2.96,38.73,-11.45
000270,기아,기타,109300.0,5.72,0.69,12.06,0.47,0.0,4267.21,-14.88,-24.52,-35.06
068270,셀트리온,기타,182600.0,43.09,2.44,5.66,7.61,0.0,4247.59,-1.99,5.49,-0.89
034730,SK,기타,576000.0,26.35,1.26,4.78,5.51,0.0,4176.16,-5.73,-5.57,6.47
329180,HD현대중공업,기타,399500.0,25.44,4.49,17.65,1.44,0.0,4193.2,-11.02,-21.2,-43.49
086790,하나금융지주,기타,128200.0,9.09,0.78,8.58,1.06,0.0,3473.83,-7.7,4.57,4.14
066570,LG전자,기타,209000.0,39.28,1.58,4.02,9.77,0.0,3404.29,-2.34,17.42,13.03
012330,현대모비스,기타,371500.0,9.36,0.67,7.16,1.31,0.0,3336.83,-14.0,-20.11,-32.21
010120,LS ELECTRIC,기타,205000.0,107.27,14.73,13.73,7.81,0.0,3075.0,-0.97,8.24,-29.07
035420,NAVER,기타,188100.0,15.2,1.02,6.71,2.27,0.0,2860.9,-13.72,2.01,-7.79
000810,삼성화재,기타,625000.0,15.36,1.25,8.14,1.89,0.0,2790.47,-4.73,0.48,23.76
096770,SK이노베이션,기타,159500.0,-7.58,1.23,0.0,0.0,0.0,2696.39,15.66,61.11,24.12
042700,한미반도체,기타,264000.0,118.23,36.27,30.68,3.85,0.0,2516.24,9.77,22.51,-30.07
316140,우리금융지주,기타,33400.0,7.91,0.68,8.6,0.92,0.0,2460.87,-2.34,11.15,5.03
005490,POSCO홀딩스,기타,308000.0,38.1,0.42,1.1,34.64,0.0,2440.64,-8.2,3.7,-35.7
298040,효성중공업,기타,2619000.0,46.97,10.37,22.08,2.13,0.0,2442.1,-11.67,-5.45,-37.6
042660,한화오션,기타,74100.0,18.22,3.68,20.2,0.9,0.0,2270.52,-15.12,-5.73,-39.26
000150,두산,기타,1392000.0,392.55,15.93,4.06,96.69,0.0,2254.18,9.52,15.71,-16.95
267260,HD현대일렉트릭,기타,630000.0,31.0,11.18,36.06,0.86,0.0,2270.97,-17.43,-22.7,-51.87
010130,고려아연,기타,1066000.0,27.68,2.02,7.3,3.79,0.0,2225.06,-12.91,6.28,-29.5
138040,메리츠금융지주,기타,130100.0,10.25,2.12,20.68,0.5,0.0,2177.19,-2.69,15.23,21.02
009540,HD한국조선해양,기타,300500.0,9.81,1.6,16.31,0.6,0.0,2126.73,-14.51,-8.24,-35.31
011200,HMM,기타,21250.0,10.87,0.75,6.9,1.58,0.0,2004.38,-0.93,9.99,7.32
051910,LG화학,기타,274500.0,-11.81,0.65,0.0,0.0,0.0,1937.76,-1.79,9.15,-29.34
015760,한국전력,기타,29950.0,2.25,0.4,17.78,0.13,0.0,1922.68,-8.55,-14.91,-27.39
010950,S-Oil,기타,170800.0,112.52,2.24,1.99,56.54,0.0,1922.91,8.38,27.94,49.43
017670,SK텔레콤,기타,86900.0,45.71,1.44,3.15,14.51,0.0,1866.53,-7.36,0.23,-15.96
033780,KT&G,기타,178700.0,19.92,2.0,10.04,1.98,0.0,1855.09,4.93,1.3,-1.87
196170,알테오젠,기타,254500.0,125.62,40.07,31.9,3.94,0.0,1772.72,-11.01,10.25,-3.29
010140,삼성중공업,기타,19510.0,31.47,4.02,12.77,2.46,0.0,1716.88,-8.83,-6.87,-37.87
003670,포스코퓨처엠,기타,190100.0,492.49,4.16,0.84,586.3,0.0,1690.87,4.11,30.21,-27.16
003550,LG,기타,110500.0,23.88,0.59,2.47,9.67,0.0,1670.67,-11.24,9.08,0.09
006800,미래에셋증권,기타,30500.0,14.16,1.34,9.46,1.5,0.0,1656.21,-12.1,-24.22,-58.95
024110,기업은행,기타,20100.0,5.91,0.44,7.45,0.79,0.0,1602.83,-3.83,-1.95,-5.85
018260,삼성에스디에스,기타,207000.0,21.09,1.61,7.63,2.76,0.0,1601.72,-14.64,9.93,15.45
267250,HD현대,기타,188500.0,15.47,1.32,8.53,1.81,0.0,1489.02,-22.59,-0.48,-34.32
272210,한화시스템,기타,77700.0,60.61,3.0,4.95,12.24,0.0,1467.9,10.06,20.09,-30.44
035720,카카오,기타,32900.0,29.64,1.28,4.32,6.86,0.0,1457.47,-9.99,-2.23,-24.45
079550,LIG디펜스앤에어로스페이스,기타,664000.0,57.66,10.14,17.59,3.28,0.0,1460.8,0.76,-4.32,-24.46
278470,에이피알,기타,380500.0,49.39,31.95,64.69,0.76,0.0,1424.52,-0.91,4.1,-8.42
086280,현대글로비스,기타,188700.0,8.16,1.37,16.79,0.49,0.0,1415.25,-10.14,2.39,-28.93
011070,LG이노텍,기타,591000.0,40.99,2.43,5.93,6.91,0.0,1398.73,0.85,-20.24,-15.09
030200,KT,기타,51100.0,7.44,0.7,9.41,0.79,0.0,1287.83,-6.92,-11.9,-14.69
086520,에코프로,기타,91000.0,-82.5,6.23,0.0,0.0,0.0,1235.56,10.3,14.61,-34.86
000720,현대건설,기타,110400.0,33.25,1.5,4.51,7.37,0.0,1229.37,-13.0,11.63,-29.23
005830,DB손해보험,기타,186400.0,7.38,1.04,14.09,0.52,0.0,1220.93,-3.12,27.24,15.42
247540,에코프로비엠,기타,124400.0,308.68,7.04,2.28,135.39,0.0,1217.01,16.59,13.35,-38.5
047810,한국항공우주,기타,121300.0,63.61,6.46,10.16,6.26,0.0,1182.37,-6.26,-19.13,-26.88
064350,현대로템,기타,107900.0,15.29,3.82,24.98,0.61,0.0,1177.65,-15.17,-32.81,-49.81
036930,주성엔지니어링,기타,251500.0,333.11,19.46,5.84,57.04,0.0,1169.0,34.35,40.98,61.22
003490,대한항공,기타,30650.0,14.52,1.03,7.09,2.05,0.0,1128.6,0.99,14.79,23.34
307950,현대오토에버,기타,373000.0,56.06,5.54,9.88,5.67,0.0,1022.91,-7.21,-13.86,-39.35
078930,GS,기타,109800.0,13.02,0.71,5.45,2.39,0.0,1019.99,-12.58,45.24,44.09
047050,포스코인터내셔널,기타,56800.0,16.27,1.44,8.85,1.84,0.0,999.24,3.84,16.63,-23.24
443060,HD현대마린솔루션,기타,218500.0,36.34,11.88,32.69,1.11,0.0,979.61,3.07,15.43,-12.07
005940,NH투자증권,기타,26450.0,9.16,1.05,11.46,0.8,0.0,976.55,-1.67,-9.57,-22.21
071050,한국금융지주,기타,174000.0,5.3,0.85,16.04,0.33,0.0,969.63,-8.85,-21.8,-30.26
028050,삼성E&A,기타,48750.0,15.48,2.02,13.05,1.19,0.0,955.5,1.56,15.93,-11.2
323410,카카오뱅크,기타,19860.0,0.0,0.0,0.0,0.0,0.0,947.56,-9.93,-8.06,-11.93
259960,크래프톤,기타,200000.0,12.96,1.27,9.8,1.32,0.0,918.32,-8.26,-16.14,-27.93
003230,삼양식품,기타,1211000.0,23.42,7.27,31.04,0.75,0.0,912.25,-8.95,9.79,-9.02
000500,가온전선,기타,307000.0,171.8,18.9,11.0,15.62,0.0,914.17,30.92,32.04,-2.04
007660,이수페타시스,기타,121300.0,53.74,11.79,21.94,2.45,0.0,890.45,8.4,32.14,-5.53
180640,한진칼,기타,132100.0,57.36,2.66,4.64,12.36,0.0,881.93,-11.28,4.84,20.42
006260,LS,기타,278000.0,32.87,1.52,4.62,7.11,0.0,867.36,-12.16,-11.32,-45.49
277810,레인보우로보틱스,기타,447500.0,6130.14,64.86,1.06,5783.15,0.0,868.14,-0.11,3.83,-47.66
009830,한화솔루션,기타,36050.0,-10.68,0.75,0.0,0.0,0.0,810.74,21.59,17.05,-11.12
090430,아모레퍼시픽,기타,138300.0,40.52,1.75,4.32,9.38,0.0,808.95,-1.78,18.92,12.26
016360,삼성증권,기타,88900.0,7.88,0.98,12.44,0.63,0.0,793.88,1.37,-16.6,-30.55
161390,한국타이어앤테크놀로지,기타,60300.0,6.86,0.61,8.89,0.77,0.0,746.97,-7.8,-14.71,1.86
353200,대덕전자,기타,149800.0,162.12,8.6,5.3,30.59,0.0,740.27,44.59,33.75,17.03
021240,코웨이,기타,101100.0,11.81,1.98,16.77,0.7,0.0,715.46,3.48,18.94,10.13
352820,하이브,기타,167000.0,-29.44,2.18,0.0,0.0,0.0,719.88,-7.63,-22.69,-27.86
047040,대우건설,기타,17220.0,-7.85,2.11,0.0,0.0,0.0,707.58,-6.46,7.36,-42.89
062040,산일전기,기타,229000.0,46.82,11.88,25.37,1.85,0.0,701.72,15.13,27.51,-26.6
128940,한미약품,기타,534000.0,40.35,5.42,13.43,3.0,0.0,684.11,12.3,33.17,17.49
064400,LG씨엔에스,기타,69200.0,15.22,2.29,15.05,1.01,0.0,670.45,-9.31,0.14,-5.21
222800,심텍,기타,169200.0,-34.15,10.97,0.0,0.0,0.0,651.16,41.24,43.51,51.75
058470,리노공업,기타,85100.0,0.0,0.0,0.0,0.0,0.0,648.56,24.42,21.57,-21.49
039490,키움증권,기타,246000.0,6.07,0.97,15.98,0.38,0.0,645.22,-9.72,-21.9,-41.43
240810,원익IPS,기타,131300.0,76.69,6.59,8.59,8.93,0.0,644.47,11.65,25.17,5.04
039030,이오테크닉스,기타,517000.0,111.33,9.26,8.32,13.38,0.0,636.92,13.38,50.95,20.79
000880,한화,기타,118100.0,29.98,0.89,2.97,10.09,0.0,629.81,-15.04,7.4,-30.82
032640,LG유플러스,기타,14470.0,11.98,0.69,5.76,2.08,0.0,614.15,-4.11,-4.8,-8.01
028300,HLB,기타,45750.0,-27.28,14.48,0.0,0.0,0.0,609.38,38.85,-12.36,-19.17
005387,현대차2우B,기타,174900.0,0.0,0.0,0.0,0.0,0.0,599.16,-6.72,-12.55,-34.37
326030,SK바이오팜,기타,75300.0,22.09,7.25,32.82,0.67,0.0,589.7,-11.41,-6.11,-26.61
000990,DB하이텍,기타,133300.0,23.05,2.53,10.98,2.1,0.0,579.92,32.24,14.22,-19.6
001440,대한전선,기타,29750.0,65.82,3.45,5.24,12.56,0.0,583.08,3.84,7.01,-55.73
000250,삼천당제약,기타,238500.0,1064.73,20.1,1.89,563.35,0.0,559.46,46.32,23.64,-42.53
000100,유한양행,기타,75200.0,31.48,2.44,7.75,4.06,0.0,553.59,-6.82,11.57,-11.43
267270,HD건설기계,기타,113700.0,20.26,1.09,5.38,3.77,0.0,540.05,-18.79,-6.19,-36.44
403870,HPSP,기타,65600.0,0.0,0.0,0.0,0.0,0.0,539.89,23.08,66.92,27.88
011790,SKC,기타,108100.0,-5.57,4.43,0.0,0.0,0.0,536.16,22.84,17.63,-25.45
377300,카카오페이,기타,39450.0,117.76,2.81,2.39,49.27,0.0,533.76,-15.61,5.34,-31.51
241560,두산밥캣,기타,54900.0,13.17,0.73,5.54,2.38,0.0,526.25,-13.81,-8.65,-23.54
175330,JB금융지주,기타,28100.0,7.62,0.89,11.68,0.65,0.0,524.13,-10.51,12.85,9.34
036570,NC,기타,236000.0,14.73,1.36,9.23,1.6,0.0,508.44,5.83,-5.41,-5.6
052690,한전기술,기타,125400.0,56.13,7.63,13.59,4.13,0.0,479.28,2.53,30.76,-23.3
029780,삼성카드,기타,41750.0,7.49,0.5,6.68,1.12,0.0,483.71,-10.5,-19.25,-15.57
066970,엘앤에프,기타,117100.0,-8.14,6.7,0.0,0.0,0.0,476.44,2.27,27.98,-33.09
138930,BNK금융지주,기타,15400.0,5.99,0.44,7.35,0.81,0.0,472.53,-2.53,-10.57,-11.9
088980,맥쿼리인프라,기타,9780.0,0.0,0.0,0.0,0.0,0.0,468.39,-1.31,-2.49,-12.83
454910,두산로보틱스,기타,71400.0,-83.41,13.28,0.0,0.0,0.0,462.81,1.42,1.42,-29.45
088350,한화생명,기타,5320.0,7.21,0.29,4.02,1.79,0.0,462.06,-9.68,25.32,9.8
010060,OCI홀딩스,기타,237500.0,-49.77,1.13,0.0,0.0,0.0,443.42,6.98,29.64,-28.57
108490,로보티즈,기타,304000.0,806.37,14.0,1.74,463.43,0.0,445.88,0.83,49.02,-11.88
031980,피에스케이홀딩스,기타,201500.0,47.39,8.58,18.11,2.62,0.0,434.48,29.17,74.91,65.16
095340,ISC,기타,200500.0,75.72,7.65,10.1,7.5,0.0,425.0,7.8,41.4,-19.32
103590,일진전기,기타,87000.0,39.93,7.05,17.66,2.26,0.0,414.86,23.23,39.65,-37.5
271560,오리온,기타,106100.0,10.96,1.1,10.04,1.09,0.0,419.4,-13.74,-21.7,-23.72
034220,LG디스플레이,기타,8260.0,18.23,0.63,3.46,5.27,0.0,413.0,-10.31,-22.66,-35.27
440110,파두,기타,81900.0,-53.53,209.46,0.0,0.0,0.0,410.41,17.17,14.07,-13.61
001450,현대해상,기타,48050.0,4.21,0.73,17.34,0.24,0.0,409.62,-5.78,33.29,59.63
051900,LG생활건강,기타,270500.0,-47.56,0.83,0.0,0.0,0.0,405.09,-7.68,12.24,2.46
002380,KCC,기타,467500.0,2.7,0.44,16.3,0.17,0.0,401.72,-6.22,5.17,-19.54
319660,피에스케이,기타,137200.0,50.59,7.37,14.57,3.47,0.0,397.42,7.02,-9.86,31.92
008930,한미사이언스,기타,66200.0,38.24,4.66,12.19,3.14,0.0,452.75,22.14,104.01,82.37
005385,현대차우,기타,173800.0,0.0,0.0,0.0,0.0,0.0,396.94,-7.8,-13.75,-34.91
018880,한온시스템,기타,3860.0,-15.02,1.05,0.0,0.0,0.0,396.13,8.58,8.12,-25.19
084370,유진테크,기타,168000.0,90.66,8.25,9.1,9.96,0.0,384.99,17.32,14.29,26.22
001040,CJ,기타,130800.0,32.55,0.84,2.58,12.62,0.0,381.64,-1.43,-4.6,-37.12
004020,현대제철,기타,28350.0,-545.19,0.19,0.0,0.0,0.0,378.32,-12.5,9.04,-33.14
082740,한화엔진,기타,45300.0,21.76,6.8,31.25,0.7,0.0,378.02,-1.31,6.34,-41.62
192820,코스맥스,기타,310500.0,28.64,6.31,22.03,1.3,0.0,352.4,13.32,78.96,41.46
131290,티에스이,기타,307500.0,88.98,8.69,9.77,9.11,0.0,340.14,17.59,37.28,77.44
161890,한국콜마,기타,144100.0,27.19,3.74,13.76,1.98,0.0,340.15,-0.14,40.18,43.96
067310,하나마이크론,기타,49650.0,86.35,8.27,9.58,9.01,0.0,330.13,36.59,41.05,19.93
036460,한국가스공사,기타,36100.0,25.05,0.29,1.16,21.59,0.0,333.25,2.85,11.76,-1.63
028670,팬오션,기타,6200.0,10.99,0.58,5.28,2.08,0.0,331.43,2.31,24.0,6.71
357780,솔브레인,기타,407000.0,40.04,2.95,7.37,5.43,0.0,316.59,19.53,37.97,-4.57
214450,파마리서치,기타,309000.0,21.75,5.18,23.82,0.91,0.0,321.04,-17.93,0.0,-0.16
022100,포스코DX,기타,21100.0,61.52,5.62,9.14,6.73,0.0,320.79,-4.31,9.72,-39.11
064760,티씨케이,기타,281500.0,45.65,6.37,13.95,3.27,0.0,314.7,4.84,24.56,-8.6
012750,에스원,기타,83600.0,17.79,1.61,9.05,1.97,0.0,317.67,5.69,1.95,16.76
095610,테스,기타,162600.0,56.36,7.36,13.06,4.32,0.0,314.79,6.48,12.14,49.72
111770,영원무역,기타,70300.0,6.33,0.73,11.53,0.55,0.0,311.51,-6.39,-14.68,-14.06
035250,강원랜드,기타,14270.0,9.6,0.72,7.5,1.28,0.0,305.29,-3.52,-2.99,-10.14
085620,미래에셋생명,기타,22650.0,34.32,1.21,3.53,9.72,0.0,306.18,14.05,35.39,55.46
087010,펩트론,기타,96900.0,-96.9,14.79,0.0,0.0,0.0,225.95,-39.51,-39.17,-66.18
004170,신세계,기타,318000.0,220.83,0.63,0.29,761.48,0.0,300.36,-19.8,-47.52,-27.97
031210,서울보증보험,기타,42800.0,11.13,0.58,5.21,2.14,0.0,298.84,-2.06,1.06,-4.68
302440,SK바이오사이언스,기타,37750.0,-51.5,1.66,0.0,0.0,0.0,296.17,0.4,4.43,-9.69
141080,리가켐바이오,기타,79400.0,-39.13,5.7,0.0,0.0,0.0,293.93,-13.98,-32.83,-60.98
336260,두산퓨얼셀,기타,45200.0,-27.85,10.06,0.0,0.0,0.0,296.03,-9.42,5.48,-51.24
080220,제주반도체,기타,84100.0,73.32,12.47,17.01,4.31,0.0,289.66,13.96,8.24,52.36
011780,금호석유화학,기타,115600.0,11.74,0.47,4.0,2.94,0.0,290.82,-8.25,3.31,-18.82
014680,한솔케미칼,기타,264500.0,20.36,2.66,13.06,1.56,0.0,285.5,30.94,8.85,-11.83
251270,넷마블,기타,34450.0,13.16,0.52,3.95,3.33,0.0,286.48,-5.1,-9.93,-17.88
007340,DN오토모티브,기타,48750.0,10.14,1.26,12.43,0.82,0.0,285.24,7.14,42.96,4.5
298380,에이비엘바이오,기타,50400.0,-72.73,17.96,0.0,0.0,0.0,282.18,-29.11,-37.39,-61.23
139130,iM금융지주,기타,18010.0,6.68,0.47,7.04,0.95,0.0,285.21,-3.43,4.04,-2.49
383220,F&F,기타,73300.0,7.05,1.46,20.71,0.34,0.0,280.79,11.74,-6.62,-12.22
017800,현대엘리베이터,기타,72100.0,10.76,1.93,17.94,0.6,0.0,281.86,-4.5,5.72,-23.05
020150,롯데에너지머티리얼즈,기타,53300.0,-17.39,1.69,0.0,0.0,0.0,279.11,40.82,60.06,-25.87
006360,GS건설,기타,32800.0,30.01,0.58,1.93,15.55,0.0,280.71,-6.82,12.14,-3.53
226950,올릭스,기타,120600.0,-155.81,17.9,0.0,0.0,0.0,275.87,23.69,-0.66,-28.0
023530,롯데쇼핑,기타,98800.0,54.23,0.18,0.33,164.33,0.0,279.49,-12.02,-37.63,-34.87
375500,DL이앤씨,기타,72000.0,8.35,0.57,6.83,1.22,0.0,278.59,-7.69,16.32,-16.18
010170,대한광통신,기타,17720.0,-73.22,36.09,0.0,0.0,0.0,275.52,31.55,66.38,-39.11
097950,CJ제일제당,기타,181700.0,-5.21,0.41,0.0,0.0,0.0,273.53,-0.6,-4.97,-14.49
310210,보로노이,기타,145300.0,-62.55,25.47,0.0,0.0,0.0,270.5,-6.68,-14.02,-46.97
450080,에코프로머티,기타,38100.0,-61.65,3.6,0.0,0.0,0.0,269.8,4.38,7.32,-46.86
026960,동서,기타,26250.0,18.07,1.5,8.3,2.18,0.0,261.71,2.94,0.0,6.49
178320,서진시스템,기타,40700.0,-22.61,3.1,0.0,0.0,0.0,259.35,11.2,-2.4,-41.1
005290,동진쎄미켐,기타,50300.0,26.1,2.38,9.12,2.86,0.0,256.38,21.06,16.71,-10.5
011170,롯데케미칼,기타,60400.0,-1.27,0.2,0.0,0.0,0.0,258.36,2.72,-1.47,-32.21
003690,코리안리,기타,14580.0,8.82,0.7,7.94,1.11,0.0,257.66,-0.21,9.05,23.14
004800,효성,기타,152100.0,7.72,1.04,13.47,0.57,0.0,254.62,-10.11,3.68,-39.16
018670,SK가스,기타,270500.0,10.63,0.83,7.81,1.36,0.0,250.73,12.94,27.9,0.37
489790,한화비전,기타,49050.0,54.32,2.85,5.25,10.35,0.0,247.65,-1.31,13.67,-38.84
098460,고영,기타,35850.0,166.74,7.06,4.23,39.42,0.0,244.51,27.58,41.42,-13.41
043260,성호전자,기타,31750.0,23.68,8.98,37.92,0.62,0.0,239.56,100.06,59.07,-33.44
257720,실리콘투,기타,37800.0,14.49,5.42,37.41,0.39,0.0,247.88,-19.83,6.33,-9.35
281820,케이씨텍,기타,120100.0,46.59,4.47,9.59,4.86,0.0,237.78,72.06,43.83,75.58
004370,농심,기타,399000.0,14.27,0.85,5.96,2.39,0.0,242.7,-3.86,14.16,9.17
000240,한국앤컴퍼니,기타,25200.0,6.89,0.5,7.26,0.95,0.0,239.24,2.65,-0.98,6.33
112610,씨에스윈드,기타,56900.0,69.14,2.04,2.95,23.44,0.0,239.96,16.12,45.15,-1.39
457190,이수스페셜티케미컬,기타,79400.0,3176.0,18.05,0.57,5571.93,0.0,239.94,20.49,32.33,-23.36
009420,한올바이오파마,기타,45450.0,-428.77,14.27,0.0,0.0,0.0,237.43,-18.11,-18.26,-2.57
214370,케어젠,기타,44250.0,118.32,10.18,8.6,13.76,0.0,237.69,-2.1,-25.13,-55.97
005850,에스엘,기타,50600.0,7.56,0.91,12.04,0.63,0.0,235.03,-2.5,-10.44,-21.79
004990,롯데지주,기타,23250.0,-3.8,0.29,0.0,0.0,0.0,231.72,-6.44,1.31,-18.71
145020,휴젤,기타,184400.0,16.25,2.1,12.92,1.26,0.0,230.78,-24.12,-21.86,-34.26
001720,신영증권,기타,139900.0,15.42,0.55,3.57,4.32,0.0,230.0,-5.28,-5.47,-24.99
483650,달바글로벌,기타,182800.0,27.7,11.41,41.19,0.67,0.0,229.0,-2.09,-8.55,-25.99
005440,현대지에프홀딩스,기타,12270.0,4.64,0.48,10.34,0.45,0.0,225.03,2.51,-4.66,-13.77
282330,BGF리테일,기타,130500.0,11.55,1.72,14.89,0.78,0.0,225.55,-13.12,8.57,-1.58
319400,현대무벡스,기타,20100.0,203.03,13.81,6.8,29.86,0.0,223.87,-9.05,-11.65,-52.71
030530,원익홀딩스,기타,28900.0,81.41,2.21,2.71,30.04,0.0,223.22,29.31,70.4,-8.11
058610,에스피지,기타,99900.0,242.48,8.59,3.54,68.5,0.0,221.55,7.77,38.75,-26.05
009970,영원무역홀딩스,기타,168900.0,6.22,0.65,10.45,0.6,0.0,218.79,-1.05,-10.16,-16.59
279570,케이뱅크,기타,5420.0,0.0,0.0,0.0,0.0,0.0,219.89,-5.57,2.26,-1.28
030000,제일기획,기타,18900.0,10.48,1.22,11.64,0.9,0.0,217.43,-0.53,-5.45,-0.37
140860,파크시스템스,기타,306500.0,62.16,9.46,15.22,4.08,0.0,214.63,15.01,6.24,2.68
204320,HL만도,기타,45500.0,21.36,0.79,3.7,5.77,0.0,213.65,-9.36,-5.89,-24.42
032820,우리기술,기타,12310.0,2462.0,16.3,0.66,3730.3,0.0,212.7,12.73,22.49,-38.45
347850,디앤디파마텍,기타,44950.0,-82.18,24.62,0.0,0.0,0.0,206.75,-9.56,-48.09,-36.69
007810,코리아써키트,기타,86500.0,50.12,5.38,10.73,4.67,0.0,207.45,65.71,23.4,-11.91
229640,LS에코에너지,기타,68200.0,49.64,9.89,19.92,2.49,0.0,208.86,43.13,59.53,-24.22
131970,두산테스나,기타,109800.0,57.7,4.83,8.37,6.89,0.0,212.21,32.77,21.06,-24.17
263750,펄어비스,기타,33200.0,-253.44,2.55,0.0,0.0,0.0,208.64,-0.9,-8.92,-37.12
081660,미스토홀딩스,기타,39000.0,10.42,1.07,10.27,1.01,0.0,207.06,-3.94,-25.57,5.26
140410,메지온,기타,67500.0,-58.19,119.26,0.0,0.0,0.0,207.56,1.96,23.4,-17.48
002790,아모레퍼시픽홀딩스,기타,26200.0,19.71,0.68,3.45,5.71,0.0,200.32,-0.95,11.49,2.75
237690,에스티팜,기타,96100.0,35.51,3.35,9.43,3.77,0.0,200.62,4.8,-19.38,-34.22
214150,클래시스,기타,30800.0,15.29,3.63,23.74,0.64,0.0,200.93,-3.75,-38.52,-43.69
051600,한전KPS,기타,44200.0,16.01,1.48,9.24,1.73,0.0,198.9,-6.65,-1.23,-23.0
089030,테크윙,기타,53100.0,210.71,8.82,4.19,50.29,0.0,196.75,10.4,34.6,-0.75
139480,이마트,기타,71100.0,14.45,0.17,1.18,12.25,0.0,196.21,-4.18,-10.68,-33.61
073240,금호타이어,기타,6610.0,5.47,0.94,17.18,0.32,0.0,189.88,-10.07,10.17,28.85
103140,풍산,기타,68300.0,13.01,0.81,6.23,2.09,0.0,191.41,-10.72,11.06,-25.84
007070,GS리테일,기타,22350.0,43.06,0.57,1.32,32.62,0.0,186.86,-10.96,-10.6,-12.87
069960,현대백화점,기타,86200.0,9.39,0.41,4.37,2.15,0.0,185.89,-11.77,-48.57,-22.13
036540,SFA반도체,기타,11370.0,-98.02,3.94,0.0,0.0,0.0,186.99,89.18,128.08,42.3
089860,롯데렌탈,기타,51100.0,14.54,1.18,8.12,1.79,0.0,185.54,1.59,58.45,58.45
462870,시프트업,기타,31000.0,9.51,1.95,20.5,0.46,0.0,182.1,-1.74,-11.05,2.82
181710,NHN,기타,56400.0,59.12,1.19,2.01,29.41,0.0,182.34,-20.34,48.81,49.01
000155,두산우,기타,458000.0,0.0,0.0,0.0,0.0,0.0,183.04,6.64,11.17,-34.2
323280,태성,기타,59600.0,-701.18,14.19,0.0,0.0,0.0,182.01,25.61,66.95,-14.98
096530,씨젠,기타,38800.0,41.99,1.76,4.19,10.02,0.0,181.33,23.57,42.39,38.57
041510,에스엠,기타,79200.0,5.24,1.81,34.54,0.15,0.0,181.33,-0.88,6.17,-9.49
068760,셀트리온제약,기타,39950.0,0.0,0.0,0.0,0.0,0.0,177.39,-1.48,-0.87,-24.19
439260,대한조선,기타,46900.0,6.42,1.65,25.7,0.25,0.0,178.64,-2.09,-0.21,-38.29
060370,LS마린솔루션,기타,33400.0,169.54,2.71,1.6,105.96,0.0,174.48,6.88,23.93,-17.63
083650,비에이치아이,기타,56600.0,26.86,9.86,36.71,0.73,0.0,175.15,-16.4,25.78,-34.19
078600,대주전자재료,기타,111200.0,83.3,6.63,7.96,10.46,0.0,174.63,29.6,49.06,-24.56
420770,기가비스,기타,135300.0,110.99,8.13,7.32,15.16,0.0,171.5,32.91,-10.69,17.86
089970,브이엠,기타,64800.0,63.65,9.5,14.93,4.26,0.0,172.08,21.35,-25.17,8.0
001120,LX인터내셔널,기타,44150.0,12.07,0.57,4.72,2.56,0.0,171.13,10.65,18.84,-3.39
183300,코미코,기타,32800.0,33.78,6.12,18.12,1.86,0.0,168.47,24.48,7.84,11.68
020560,아시아나항공,기타,8230.0,-5.99,2.27,0.0,0.0,0.0,169.53,1.48,15.43,20.85
120110,코오롱인더,기타,55900.0,44.22,0.43,0.97,45.59,0.0,167.4,1.27,2.57,-35.3
475150,SK이터닉스,기타,49000.0,53.85,6.05,11.23,4.8,0.0,166.93,-5.95,15.29,-5.22
001820,삼화콘덴서,기타,158800.0,131.67,5.95,4.52,29.13,0.0,165.07,36.08,57.07,150.08
093370,후성,기타,15130.0,302.6,4.85,1.6,189.12,0.0,162.28,17.29,27.79,22.02
023590,다우기술,기타,37650.0,3.34,0.47,14.07,0.24,0.0,162.98,-0.79,6.51,-14.92
322000,HD현대에너지솔루션,기타,146200.0,39.29,3.92,9.98,3.94,0.0,163.74,6.33,35.75,-29.37
437730,삼현,기타,50300.0,153.35,12.07,7.87,19.49,0.0,159.49,48.6,48.82,-5.81
000120,CJ대한통운,기타,70500.0,6.64,0.34,5.12,1.3,0.0,160.83,-4.34,-1.95,-26.33
395400,SK리츠,기타,5300.0,42.74,0.81,1.9,22.49,0.0,159.54,1.92,-8.15,-12.97
007390,네이처셀,기타,24650.0,-560.23,25.2,0.0,0.0,0.0,158.83,-0.2,-12.74,28.45
001430,세아베스틸지주,기타,43950.0,28.05,0.81,2.89,9.71,0.0,157.61,9.74,44.81,-34.6
290650,엘앤씨바이오,기타,57400.0,-9.93,7.06,0.0,0.0,0.0,154.81,22.52,-15.09,-4.72
218410,RFHIC,기타,58200.0,53.79,4.35,8.09,6.65,0.0,154.67,20.12,18.78,-48.27
006040,동원산업,기타,34950.0,3.97,0.44,11.08,0.36,0.0,154.27,-7.54,3.71,-5.28
008770,호텔신라,기타,39350.0,-9.11,1.35,0.0,0.0,0.0,154.44,-7.74,-19.78,-36.94
005070,코스모신소재,기타,46000.0,84.71,3.02,3.57,23.73,0.0,152.79,19.02,22.5,-19.16
009155,삼성전기우,기타,528000.0,0.0,0.0,0.0,0.0,0.0,153.49,2.13,-1.49,37.32
071970,HD현대마린엔진,기타,44800.0,9.2,3.11,33.8,0.27,0.0,151.97,-12.5,-17.8,-49.32
006280,녹십자,기타,130400.0,-326.0,1.22,0.0,0.0,0.0,152.39,2.44,8.13,-5.03
039200,오스코텍,기타,39550.0,28.91,8.35,28.88,1.0,0.0,151.31,10.01,26.76,-20.18
361610,SK아이이테크놀로지,기타,18090.0,-6.46,0.57,0.0,0.0,0.0,147.95,10.37,13.06,-21.18
204270,제이앤티씨,기타,25650.0,-16.2,5.92,0.0,0.0,0.0,148.38,24.21,64.85,21.28
294870,IPARK현대산업개발,기타,22000.0,9.17,0.43,4.69,1.96,0.0,145.0,-4.97,27.68,-2.44
950160,코오롱티슈진,기타,16820.0,-38.76,9.17,0.0,0.0,0.0,142.92,-3.44,-80.73,-87.88
011210,현대위아,기타,52000.0,14.28,0.38,2.66,5.37,0.0,141.41,-11.11,-12.46,-44.33
232140,와이씨,기타,16890.0,71.87,3.76,5.23,13.74,0.0,138.57,41.58,69.07,-16.18
950260,인제니아테라퓨틱스(Reg.S),기타,27550.0,-44.29,62.05,0.0,0.0,0.0,136.22,69.75,53.14,53.14
001800,오리온홀딩스,기타,22750.0,11.78,0.56,4.75,2.48,0.0,136.86,-10.96,-9.54,-4.21
035900,JYP Ent.,기타,38700.0,8.56,2.07,24.18,0.35,0.0,137.51,-2.03,-21.74,-33.04
347700,스피어,기타,25350.0,5070.0,17.08,0.34,14911.76,0.0,130.68,33.0,36.36,-41.25
012630,HDC,기타,22650.0,4.5,0.38,8.44,0.53,0.0,135.31,-1.52,11.85,-10.3
097230,HJ중공업,기타,14850.0,24.55,2.0,8.15,3.01,0.0,134.09,-6.31,-10.97,-41.54
082920,비츠로셀,기타,29450.0,23.45,4.0,17.06,1.37,0.0,132.94,1.55,-6.36,-51.64
003380,하림지주,기타,11510.0,5.61,0.35,6.24,0.9,0.0,128.92,2.58,18.9,-5.27
069620,대웅제약,기타,110300.0,6.53,1.26,19.3,0.34,0.0,127.8,-5.4,-16.19,-23.24
001740,SK네트웍스,기타,6330.0,28.13,0.61,2.17,12.96,0.0,126.98,-2.62,-23.73,1.61
066575,LG전자우,기타,74300.0,0.0,0.0,0.0,0.0,0.0,127.66,-5.11,12.24,0.95
007310,오뚜기,기타,313500.0,18.15,0.52,2.87,6.32,0.0,125.65,-5.57,-5.43,-9.78
006120,SK디스커버리,기타,71600.0,10.93,0.45,4.12,2.65,0.0,124.68,26.95,49.01,29.01
241710,코스메카코리아,기타,117000.0,27.5,4.94,17.96,1.53,0.0,124.96,-9.37,36.84,28.29
415640,KB발해인프라,기타,9970.0,0.0,0.0,0.0,0.0,0.0,122.18,-4.96,-7.08,0.71
298020,효성티앤씨,기타,280500.0,112.24,0.77,0.69,162.67,0.0,121.39,-19.4,3.12,-39.02
166090,하나머티리얼즈,기타,61000.0,31.44,2.54,8.08,3.89,0.0,120.64,16.41,20.32,-21.29
192080,더블유게임즈,기타,56900.0,9.32,0.93,9.98,0.93,0.0,120.48,1.07,-10.68,3.45
330590,롯데리츠,기타,4110.0,0.0,0.0,0.0,0.0,0.0,118.77,5.79,19.13,2.24
356860,티엘비,기타,49800.0,56.02,8.42,15.03,3.73,0.0,118.03,34.05,44.16,8.35
003540,대신증권,기타,25000.0,12.23,0.46,3.76,3.25,0.0,119.17,-6.19,-5.48,-31.88
300720,한일시멘트,기타,16090.0,15.16,0.63,4.16,3.64,0.0,118.33,-4.05,9.75,-0.06
000815,삼성화재우,기타,394500.0,0.0,0.0,0.0,0.0,0.0,118.63,-6.85,0.77,4.09
003160,디아이,기타,40750.0,226.39,6.48,2.86,79.16,0.0,115.32,30.61,91.31,34.05
195940,HK이노엔,기타,40650.0,18.7,0.92,4.92,3.8,0.0,115.16,-0.61,3.57,-19.82
252990,샘씨엔에스,기타,18750.0,0.0,0.0,0.0,0.0,0.0,112.91,44.01,76.55,53.56
101490,에스앤에스텍,기타,52900.0,19.46,3.64,18.71,1.04,0.0,112.86,27.01,22.03,-37.47
280360,롯데웰푸드,기타,122300.0,15.81,0.49,3.1,5.1,0.0,112.57,-11.76,20.02,3.82
030610,교보증권,기타,9780.0,7.8,0.52,6.67,1.17,0.0,111.46,-5.14,3.82,-29.79
056190,SFA,기타,30950.0,20.18,0.96,4.76,4.24,0.0,111.14,27.89,47.38,0.98
004000,롯데정밀화학,기타,42600.0,10.36,0.45,4.34,2.39,0.0,109.91,-6.99,-0.81,-27.67
195870,해성디에스,기타,64200.0,45.82,1.93,4.21,10.88,0.0,109.14,26.38,22.52,-21.03
293490,카카오게임즈,기타,10090.0,-8.51,0.76,0.0,0.0,0.0,107.71,13.37,18.99,-6.92
417200,LS머트리얼즈,기타,15350.0,2558.33,5.61,0.22,11628.77,0.0,103.85,37.92,28.45,-37.47
017960,한국카본,기타,20300.0,10.36,1.76,16.99,0.61,0.0,104.9,-10.18,-12.69,-53.33
160190,하이젠알앤엠,기타,33700.0,-147.16,9.22,0.0,0.0,0.0,104.09,54.59,104.74,-18.99
000080,하이트진로,기타,14770.0,25.38,0.92,3.62,7.01,0.0,103.59,-4.71,-4.09,-10.05
496320,본시스템즈,기타,1023000.0,0.0,0.0,0.0,0.0,0.0,103.93,0.0,0.0,0.0
127120,제이에스링크,기타,27900.0,-46.42,12.99,0.0,0.0,0.0,104.05,-13.89,-25.3,-30.68
083450,GST,기타,55300.0,22.51,3.28,14.57,1.54,0.0,101.92,26.4,27.71,-13.19
000210,DL,기타,48750.0,-12.54,0.27,0.0,0.0,0.0,102.16,-9.39,14.71,-20.99
003240,태광산업,기타,919000.0,12.66,0.2,1.58,8.01,0.0,102.32,0.77,14.02,-16.07
086450,동국제약,기타,22900.0,15.68,1.56,9.95,1.58,0.0,103.58,10.1,25.0,2.69
445680,큐리옥스바이오시스템즈,기타,58500.0,-35.56,18.97,0.0,0.0,0.0,100.76,15.38,47.36,-37.03
003570,SNT다이내믹스,기타,30250.0,16.33,0.82,5.02,3.25,0.0,100.59,3.95,-7.35,-40.8
006340,대원전선,기타,12900.0,114.16,8.45,7.4,15.43,0.0,101.15,-2.93,33.96,-19.38
006110,삼아알미늄,기타,65800.0,-38.89,4.44,0.0,0.0,0.0,99.51,-1.64,97.01,-17.02
458870,씨어스,기타,25750.0,60.59,24.74,40.83,1.48,0.0,98.74,14.7,-20.77,-37.35
030190,NICE평가정보,기타,16660.0,12.83,2.1,16.37,0.78,0.0,97.08,2.08,23.32,20.55
161580,필옵틱스,기타,40600.0,-55.16,8.17,0.0,0.0,0.0,95.18,21.19,40.73,-24.54
192400,쿠쿠홀딩스,기타,27250.0,6.66,0.64,9.61,0.69,0.0,96.91,-1.45,8.35,-3.2
036830,솔브레인홀딩스,기타,47750.0,2.05,0.55,26.83,0.08,0.0,97.91,12.49,41.48,-21.72
491000,리브스메드,기타,37750.0,-36.83,5.15,0.0,0.0,0.0,95.34,11.85,2.72,-41.74
327260,RF머트리얼즈,기타,52400.0,129.06,17.27,13.38,9.65,0.0,94.25,55.26,134.27,-11.88
451800,한화리츠,기타,5340.0,0.0,0.0,0.0,0.0,0.0,95.91,1.71,14.59,-2.38
003530,한화투자증권,기타,4440.0,9.55,0.47,4.92,1.94,0.0,95.26,-9.66,1.6,-41.66
009240,한샘,기타,40250.0,20.46,1.67,8.16,2.51,0.0,94.72,5.37,14.35,9.52
051915,LG화학우,기타,121800.0,0.0,0.0,0.0,0.0,0.0,93.58,-4.4,0.66,-33.3
071320,지역난방공사,기타,78800.0,2.69,0.4,14.87,0.18,0.0,91.24,4.1,18.85,6.06
185750,종근당,기타,65800.0,11.72,0.86,7.34,1.6,0.0,90.82,-3.8,-5.73,-18.97
003090,대웅,기타,15480.0,5.14,0.55,10.7,0.48,0.0,90.0,-8.56,-9.1,-28.17
034230,파라다이스,기타,9940.0,9.69,0.5,5.16,1.88,0.0,92.07,-0.9,-18.59,-32.88
115180,큐리언트,기타,23800.0,-28.17,26.33,0.0,0.0,0.0,89.33,-7.57,26.73,-25.62
295310,에이치브이엠,기타,70000.0,-89.4,12.6,0.0,0.0,0.0,87.83,48.31,54.53,-28.72
032350,롯데관광개발,기타,11070.0,31.1,2.37,7.62,4.08,0.0,88.26,-10.36,-23.87,-39.67
009450,경동나비엔,기타,61700.0,10.02,1.16,11.58,0.87,0.0,89.89,0.65,1.31,-14.19
065350,신성델타테크,기타,32400.0,41.01,3.58,8.73,4.7,0.0,89.05,5.02,16.34,-36.47
100790,미래에셋벤처투자,기타,16770.0,28.81,2.35,8.16,3.53,0.0,89.08,10.33,11.35,-71.53
285130,SK케미칼,기타,51000.0,22.14,0.43,1.94,11.41,0.0,88.22,-6.93,25.0,0.99
077970,STX엔진,기타,22100.0,11.95,2.59,21.67,0.55,0.0,88.73,-7.34,-10.71,-56.92
005300,롯데칠성,기타,95400.0,20.31,0.63,3.1,6.55,0.0,88.52,-3.34,-3.93,-16.9
004490,세방전지,기타,62700.0,6.22,0.52,8.36,0.74,0.0,86.9,-2.49,23.43,1.46
053800,안랩,기타,76800.0,15.74,1.85,11.75,1.34,0.0,85.45,34.5,43.28,19.07
388210,씨엠티엑스,기타,88900.0,-24.22,4.63,0.0,0.0,0.0,85.83,18.38,17.13,-28.54
031330,에스에이엠티,기타,8570.0,11.31,1.72,15.21,0.74,0.0,85.7,6.59,-22.79,-5.2
000370,한화손해보험,기타,7340.0,3.8,0.42,11.05,0.34,0.0,85.69,-11.25,31.07,15.05
119850,지엔씨에너지,기타,51000.0,21.0,3.77,17.95,1.17,0.0,83.89,14.61,93.18,45.71
033790,피노,기타,9800.0,-79.67,3.98,0.0,0.0,0.0,84.29,3.59,78.83,-35.7
038500,삼표시멘트,기타,7830.0,20.71,1.07,5.17,4.01,0.0,84.5,8.15,1.56,-43.34
032500,케이엠더블유,기타,20050.0,-29.84,6.24,0.0,0.0,0.0,84.59,36.12,32.61,-41.97
248070,솔루엠,기타,17560.0,67.8,1.76,2.6,26.08,0.0,83.97,36.23,16.37,-16.78
251970,펌텍코리아,기타,67600.0,24.33,2.85,11.71,2.08,0.0,83.82,25.88,44.75,69.0
079160,CJ CGV,기타,5030.0,-5.79,1.46,0.0,0.0,0.0,83.29,-6.85,11.78,-0.2
281740,레이크머티리얼즈,기타,12630.0,107.95,6.16,5.71,18.91,0.0,83.02,13.07,5.96,-35.66
328130,루닛,기타,11160.0,-14.68,5.08,0.0,0.0,0.0,83.1,25.82,5.78,-36.7
074600,원익QnC,기타,31250.0,36.51,1.69,4.63,7.89,0.0,82.15,15.31,7.76,-16.22
137310,에스디바이오센서,기타,6810.0,-1.62,0.35,0.0,0.0,0.0,82.23,10.37,7.75,-14.34
099320,쎄트렉아이,기타,75400.0,54.01,3.32,6.15,8.78,0.0,82.57,8.02,-5.16,-53.91
041960,코미팜,기타,10960.0,-109.6,11.33,0.0,0.0,0.0,81.78,10.48,47.91,23.98
071055,한국금융지주우,기타,139800.0,0.0,0.0,0.0,0.0,0.0,81.9,-6.61,-7.72,-19.33
003470,유안타증권,기타,4250.0,9.44,0.46,4.87,1.94,0.0,81.89,-9.57,-2.3,-35.11
388720,유일로보틱스,기타,69500.0,-82.15,8.38,0.0,0.0,0.0,81.88,4.98,1.46,-29.58
425420,티에프이,기타,64500.0,40.98,6.85,16.72,2.45,0.0,79.64,22.39,78.67,6.44
085660,차바이오텍,기타,8560.0,-5.58,2.29,0.0,0.0,0.0,79.58,5.81,-13.01,-44.45
476830,알지노믹스,기타,27750.0,0.0,0.0,0.0,0.0,0.0,77.85,-3.14,-9.31,-67.69
033100,제룡전기,기타,49000.0,0.0,0.0,0.0,0.0,0.0,78.71,6.75,14.75,-36.69
005180,빙그레,기타,88500.0,15.37,1.05,6.83,2.25,0.0,78.25,2.79,35.32,25.0
005690,파미셀,기타,12950.0,123.33,8.98,7.28,16.94,0.0,77.71,20.58,16.14,-28.73
014620,성광벤드,기타,29350.0,23.11,1.42,6.14,3.76,0.0,77.95,-6.23,16.7,-19.7
122870,와이지엔터테인먼트,기타,41500.0,21.02,1.5,7.14,2.94,0.0,77.57,-4.82,1.1,-15.05
100090,SK오션플랜트,기타,12440.0,19.9,0.95,4.77,4.17,0.0,77.72,-5.69,-6.47,-39.17
490470,세미파이브,기타,22150.0,-11.2,3.4,0.0,0.0,0.0,75.37,54.03,17.94,-42.99
035760,CJ ENM,기타,35450.0,26.36,0.26,0.99,26.63,0.0,77.74,5.51,4.11,-22.77
365550,ESR켄달스퀘어리츠,기타,3175.0,122.12,0.69,0.57,214.25,0.0,78.13,3.76,-0.47,-26.08
121600,나노신소재,기타,63000.0,470.15,3.03,0.64,734.61,0.0,77.25,33.19,44.5,-14.05
137400,피엔티,기타,32050.0,11.09,1.17,10.55,1.05,0.0,75.93,7.55,4.91,-37.52
059090,미코,기타,22750.0,25.76,6.22,24.15,1.07,0.0,76.02,21.59,44.35,0.89
090360,로보스타,기타,78400.0,-147.09,8.81,0.0,0.0,0.0,76.44,1.29,15.29,11.21
064290,인텍플러스,기타,58500.0,-227.63,15.54,0.0,0.0,0.0,76.04,44.09,51.55,106.35
006730,서부T&D,기타,12000.0,9.95,0.72,7.24,1.37,0.0,77.13,8.3,16.5,-6.76
003850,보령,기타,8790.0,11.75,0.88,7.49,1.57,0.0,75.41,0.46,8.92,-7.67
499790,GS피앤엘,기타,37850.0,38.74,0.88,2.27,17.07,0.0,75.06,-6.66,-7.0,-20.65
090710,휴림로봇,기타,6280.0,-42.43,5.88,0.0,0.0,0.0,75.08,-0.32,-6.41,-51.58
090460,비에이치,기타,21900.0,24.17,0.95,3.93,6.15,0.0,73.83,2.34,22.07,-28.08
036810,에프에스티,기타,34000.0,-61.15,2.9,0.0,0.0,0.0,73.61,33.33,60.0,-10.29
456160,지투지바이오,기타,44400.0,-3.14,-2.31,0.0,0.0,0.0,73.83,15.93,40.51,-39.84
213420,덕산네오룩스,기타,29600.0,13.82,1.61,11.65,1.19,0.0,73.5,-11.24,3.5,-40.08
000670,영풍,기타,40200.0,-95.26,0.21,0.0,0.0,0.0,74.01,1.9,12.13,-37.38
189300,인텔리안테크,기타,68500.0,98.56,2.62,2.66,37.05,0.0,73.55,7.87,2.39,-57.66
044490,태웅,기타,36150.0,29.29,1.2,4.1,7.14,0.0,72.33,10.05,37.98,-21.75
171090,선익시스템,기타,72300.0,7.15,4.44,62.1,0.12,0.0,73.22,5.39,40.39,-20.64
298050,HS효성첨단소재,기타,162100.0,-33.56,0.9,0.0,0.0,0.0,72.62,-5.76,9.31,-31.02
036530,SNT홀딩스,기타,44700.0,5.61,0.48,8.56,0.66,0.0,72.88,-4.99,-6.88,-19.17
053610,프로텍,기타,80400.0,18.56,2.08,11.21,1.66,0.0,72.36,24.07,35.13,-7.16
032190,다우데이타,기타,19000.0,3.33,0.45,13.51,0.25,0.0,72.77,-5.94,8.45,-13.44
214320,이노션,기타,18030.0,7.86,0.68,8.65,0.91,0.0,72.12,-3.63,-0.77,-11.18
033640,네패스,기타,30900.0,42.98,5.76,13.4,3.21,0.0,71.25,37.03,49.64,4.39
102710,이엔에프테크놀로지,기타,49700.0,13.67,1.59,11.63,1.18,0.0,71.01,17.77,28.76,-3.12
041830,인바디,기타,53200.0,23.48,2.23,9.5,2.47,0.0,71.72,-11.33,-4.14,19.82
466100,클로봇,기타,23150.0,-266.09,9.59,0.0,0.0,0.0,71.66,-4.54,-7.95,-48.6
064960,SNT모티브,기타,26550.0,10.12,0.62,6.13,1.65,0.0,70.46,-0.93,4.94,-18.81
476060,온코닉테라퓨틱스,기타,15370.0,-62.99,11.86,0.0,0.0,0.0,69.79,-5.65,41.27,-29.33
048410,현대바이오,기타,7300.0,-31.06,6.33,0.0,0.0,0.0,70.45,16.24,7.04,-44.44
002960,한국쉘석유,기타,534000.0,18.94,5.45,28.78,0.66,0.0,69.42,7.12,7.34,12.66
253590,네오셈,기타,15700.0,128.69,5.6,4.35,29.58,0.0,68.87,37.0,67.02,-2.18
094800,맵스리얼티,기타,7500.0,0.0,0.0,0.0,0.0,0.0,69.63,4.17,29.98,33.93
000400,롯데손해보험,기타,2245.0,0.0,0.0,0.0,0.0,0.0,69.67,7.93,8.98,14.02
093050,LF,기타,23700.0,7.01,0.39,5.56,1.26,0.0,69.3,5.57,5.57,-2.87
023160,태광,기타,26650.0,11.06,1.1,9.95,1.11,0.0,68.94,0.57,16.89,-28.65
092870,엑시콘,기타,52400.0,76.27,3.47,4.55,16.76,0.0,68.39,71.8,243.16,52.99
122640,예스티,기타,31700.0,-1174.07,4.97,0.0,0.0,0.0,68.63,15.48,27.05,24.8
225570,넥슨게임즈,기타,10510.0,-11.19,2.59,0.0,0.0,0.0,69.22,-9.0,19.84,-2.78
005090,SGC에너지,기타,47300.0,-11.11,0.97,0.0,0.0,0.0,68.16,-12.57,15.37,-16.87
126340,비나텍,기타,93200.0,-104.95,7.87,0.0,0.0,0.0,66.92,45.17,36.26,-46.13
293940,신한알파리츠,기타,5530.0,59.46,1.11,1.87,31.8,0.0,66.88,3.56,6.96,-1.25
005880,대한해운,기타,2065.0,3.69,0.31,8.4,0.44,0.0,66.65,-2.36,12.11,-15.2
100840,SNT에너지,기타,33050.0,8.1,1.79,22.1,0.37,0.0,65.31,-12.1,36.57,-36.07
222080,SFA넥셀,기타,8400.0,22.64,1.28,5.65,4.01,0.0,65.34,10.53,12.15,-44.44
456040,OCI,기타,72400.0,-10.35,0.58,0.0,0.0,0.0,64.82,-11.49,-15.72,-46.37
124500,아이티센글로벌,기타,27800.0,13.83,5.14,37.17,0.37,0.0,64.51,-18.48,38.65,-49.08
069260,TKG휴켐스,기타,15830.0,10.8,0.67,6.2,1.74,0.0,64.71,-3.83,-1.31,-6.88
001060,JW중외제약,기타,27450.0,11.11,1.8,16.2,0.69,0.0,63.92,0.92,15.82,-7.58
093320,케이아이엔엑스,기타,130400.0,37.21,3.09,8.3,4.48,0.0,63.64,-9.82,-2.4,12.32
000640,동아쏘시오홀딩스,기타,94900.0,7.03,0.55,7.82,0.9,0.0,63.89,3.04,14.34,0.96
001570,금양,기타,9900.0,-9.62,1.38,0.0,0.0,0.0,63.33,0.0,0.0,0.0
317450,명인제약,기타,43400.0,6.47,0.8,12.36,0.52,0.0,63.36,-2.58,3.33,-16.86
268280,미원에스씨,기타,127600.0,10.41,1.37,13.16,0.79,0.0,63.8,-4.13,16.21,14.34
002840,미원상사,기타,137500.0,15.01,1.5,9.99,1.5,0.0,61.88,4.32,1.93,-2.76
004710,한솔테크닉스,기타,11640.0,-30.63,1.37,0.0,0.0,0.0,61.74,26.94,40.75,-15.43
014820,동원시스템즈,기타,21700.0,11.83,0.74,6.26,1.89,0.0,62.91,-0.46,7.96,-13.55
017940,E1,기타,91500.0,5.99,0.26,4.34,1.38,0.0,62.77,-6.15,10.11,-9.32
077360,덕산하이메탈,기타,13720.0,-5.88,3.02,0.0,0.0,0.0,62.34,36.25,72.58,-21.64
336370,솔루스첨단소재,기타,8820.0,-11.98,1.16,0.0,0.0,0.0,61.93,21.49,14.84,-24.55
253450,스튜디오드래곤,기타,20600.0,60.06,0.77,1.28,46.92,0.0,61.92,-5.07,-5.72,-30.99
024850,HLB이노베이션,기타,17840.0,-15.43,2.45,0.0,0.0,0.0,61.62,9.45,45.75,-27.48
219130,타이거일렉,기타,98000.0,2227.27,11.68,0.52,4283.21,0.0,61.88,62.79,44.97,74.69
453340,현대그린푸드,기타,18990.0,7.21,0.85,11.79,0.61,0.0,61.66,1.66,6.09,3.54
050890,쏠리드,기타,9980.0,16.72,1.7,10.17,1.64,0.0,60.64,18.81,2.78,-42.64
017900,광전자,기타,10570.0,144.79,2.21,1.53,94.63,0.0,61.25,49.08,87.41,-16.18
108320,LX세미콘,기타,37300.0,7.34,0.54,7.36,1.0,0.0,60.67,2.05,-1.06,-37.31
383800,LX홀딩스,기타,8000.0,4.59,0.31,6.75,0.68,0.0,61.02,-3.15,6.95,-5.66
001680,대상,기타,17570.0,-2.08,0.59,0.0,0.0,0.0,60.88,-6.64,0.29,-11.62
046890,서울반도체,기타,10380.0,-11.77,0.94,0.0,0.0,0.0,60.52,6.9,9.38,-37.05
192650,드림텍,기타,9000.0,9000.0,1.59,0.02,450000.0,0.0,59.3,39.53,122.22,42.18
178920,PI첨단소재,기타,20100.0,25.25,1.75,6.93,3.64,0.0,59.03,3.93,13.11,-31.05
080580,오킨스전자,기타,27650.0,66.95,11.03,16.47,4.06,0.0,58.32,37.47,125.2,11.69
033240,자화전자,기타,27300.0,12.7,1.26,9.92,1.28,0.0,58.98,-8.7,5.0,-36.59
006650,대한유화,기타,89700.0,18.39,0.3,1.63,11.28,0.0,58.31,-8.0,-11.63,-40.64
045100,한양이엔지,기타,33200.0,14.31,0.87,6.08,2.35,0.0,58.1,5.73,15.08,0.3
069540,빛과전자,기타,5120.0,-13.47,5.41,0.0,0.0,0.0,57.7,82.86,186.03,-13.22
214430,아이쓰리시스템,기타,79000.0,37.51,5.13,13.68,2.74,0.0,57.73,32.33,42.09,-13.57
019170,신풍제약,기타,10930.0,68.31,2.08,3.04,22.47,0.0,57.29,11.3,38.88,-1.8
144960,뉴파워프라즈마,기타,12960.0,66.46,1.84,2.77,23.99,0.0,56.63,45.45,56.71,51.05
358570,지아이이노베이션,기타,8870.0,-7.97,16.34,0.0,0.0,0.0,57.23,1.14,13.14,-38.32
079900,전진건설로봇,기타,38950.0,18.02,3.64,20.2,0.89,0.0,56.84,-6.14,14.73,-38.56
002350,넥센타이어,기타,5780.0,3.99,0.29,7.27,0.55,0.0,56.45,-3.51,-13.34,-16.11
016380,KG스틸,기타,5660.0,4.19,0.27,6.44,0.65,0.0,56.61,0.18,11.86,-15.27
284740,쿠쿠홈시스,기타,24850.0,4.66,0.51,10.94,0.43,0.0,55.76,5.52,19.18,3.97
075580,세진중공업,기타,9820.0,11.02,2.44,22.14,0.5,0.0,55.83,-5.21,-13.33,-45.95
025540,한국단자,기타,54800.0,5.28,0.48,9.09,0.58,0.0,55.43,-3.69,-17.35,-37.66
078350,한양디지텍,기타,36400.0,37.07,3.12,8.42,4.4,0.0,55.49,87.63,78.43,24.23
399720,가온칩스,기타,46000.0,-37.13,9.76,0.0,0.0,0.0,54.55,6.85,-17.27,-28.57
009520,포스코엠텍,기타,13140.0,938.57,4.89,0.52,1804.94,0.0,54.72,3.38,20.66,-31.17
047920,HLB제약,기타,12550.0,89.01,3.29,3.7,24.06,0.0,54.67,64.91,11.27,-15.3
089890,코세스,기타,32900.0,41.33,7.1,17.18,2.41,0.0,54.56,38.53,18.35,-16.39
042000,카페24,기타,22350.0,13.87,2.03,14.64,0.95,0.0,54.04,38.56,36.36,-0.22
060250,NHN KCP,기타,13450.0,11.92,1.72,14.43,0.83,0.0,54.02,-12.09,9.8,-28.87
356680,엑스게이트,기타,18700.0,133.57,12.01,8.99,14.86,0.0,53.38,65.05,68.77,8.28
112040,위메이드,기타,15840.0,-28.91,1.31,0.0,0.0,0.0,53.77,4.21,-13.82,-25.46
174900,앱클론,기타,26800.0,0.0,0.0,0.0,0.0,0.0,53.47,22.65,18.32,-37.96
383310,에코프로에이치엔,기타,25200.0,40.0,1.73,4.32,9.26,0.0,52.86,10.77,4.78,-11.58
094170,동운아나텍,기타,24950.0,0.0,0.0,0.0,0.0,0.0,52.17,-8.78,-17.93,-50.3
114090,GKL,기타,8610.0,11.31,1.21,10.7,1.06,0.0,53.26,-8.6,-16.41,-23.26
101160,월덱스,기타,32200.0,12.97,1.53,11.8,1.1,0.0,53.17,6.62,14.18,3.87
484870,엠앤씨솔루션,기타,19040.0,5.67,1.05,18.52,0.31,0.0,52.29,11.67,-33.43,-43.11
001530,DI동일,기타,25300.0,-54.76,1.01,0.0,0.0,0.0,52.41,-10.6,13.2,-3.07
007700,F&F홀딩스,기타,13520.0,4.21,0.23,5.46,0.77,0.0,52.88,-4.05,-9.26,-29.33
161000,애경케미칼,기타,10790.0,-176.89,0.73,0.0,0.0,0.0,52.49,2.27,17.28,-21.24
003300,한일홀딩스,기타,17250.0,16.85,0.32,1.9,8.87,0.0,53.18,-7.06,2.74,-5.01
003620,KG모빌리티,기타,2590.0,11.16,0.35,3.14,3.55,0.0,52.42,-5.13,-6.16,-36.13
052020,에스티큐브,기타,7730.0,-24.08,7.28,0.0,0.0,0.0,52.55,-6.87,3.62,-61.21
052400,코나아이,기타,35850.0,7.02,1.99,28.35,0.25,0.0,52.21,-4.27,-11.81,-39.95
079940,가비아,기타,38900.0,33.33,2.87,8.61,3.87,0.0,52.21,-7.82,24.88,19.69
001510,SK증권,기타,2265.0,18.72,0.79,4.22,4.44,0.0,52.39,-7.93,0.0,-52.57
029460,케이씨,기타,47300.0,14.31,0.61,4.26,3.36,0.0,52.13,22.06,69.23,24.31
009410,태영건설,기타,1635.0,7.57,0.8,10.57,0.72,0.0,52.23,-3.77,1.87,-10.75
104830,원익머트리얼즈,기타,40300.0,10.43,0.97,9.3,1.12,0.0,50.81,25.55,18.01,-17.59
001270,부국증권,기타,50100.0,14.68,0.54,3.68,3.99,0.0,51.95,-3.84,-7.39,-30.22
058650,세아홀딩스,기타,126300.0,7.82,0.22,2.81,2.78,0.0,51.22,-3.44,9.35,-13.02
008060,대덕,기타,16230.0,160.69,0.92,0.57,281.91,0.0,50.78,9.96,18.47,-17.99
067630,HLB생명과학,기타,4185.0,-5.11,1.72,0.0,0.0,0.0,51.02,57.33,31.6,8.14
037460,삼지전자,기타,31000.0,6.69,0.95,14.2,0.47,0.0,50.59,2.48,-8.01,-12.68
005810,풍산홀딩스,기타,35550.0,6.89,0.42,6.1,1.13,0.0,51.25,-5.7,7.08,-14.75
452260,한화갤러리아,기타,2620.0,154.12,0.62,0.4,385.3,0.0,50.79,10.08,35.12,-6.43
348370,엔켐,기타,23050.0,-7.31,1.07,0.0,0.0,0.0,50.5,8.47,3.13,-41.27
082270,젬백스,기타,11090.0,-40.62,8.21,0.0,0.0,0.0,50.44,6.84,1.37,-45.37
098120,마이크로컨텍솔,기타,60500.0,29.79,6.19,20.78,1.43,0.0,50.29,29.97,182.05,62.2
033160,엠케이전자,기타,19990.0,333.17,1.14,0.34,979.91,0.0,49.1,46.55,33.62,-22.37
348340,뉴로메카,기타,21200.0,-18.15,29.32,0.0,0.0,0.0,49.63,17.26,-0.78,-55.92
099190,아이센스,기타,16800.0,-90.32,1.47,0.0,0.0,0.0,49.68,1.94,9.66,-11.72
086900,메디톡스,기타,67500.0,31.48,1.05,3.34,9.43,0.0,49.26,-2.74,-5.06,-37.09
211050,인카금융서비스,기타,9920.0,7.04,2.26,32.1,0.22,0.0,48.87,-10.23,-0.7,-0.6
468530,프로티나,기타,42900.0,-47.04,25.15,0.0,0.0,0.0,47.64,44.2,83.33,-17.18
376900,로킷헬스케어,기타,27750.0,-141.58,37.5,0.0,0.0,0.0,48.41,2.59,-21.94,-60.64
003545,대신증권우,기타,20050.0,0.0,0.0,0.0,0.0,0.0,48.89,-2.2,1.42,-12.06
041190,우리기술투자,기타,6000.0,4.56,0.6,13.16,0.35,0.0,47.88,-0.5,37.61,-4.91
365340,성일하이텍,기타,37400.0,-5.88,3.6,0.0,0.0,0.0,48.32,3.03,9.52,-47.18
025980,아난티,기타,4950.0,-11.41,0.65,0.0,0.0,0.0,48.16,-9.51,32.53,-25.11
460860,동국제강,기타,9590.0,0.0,0.0,0.0,0.0,0.0,47.57,-8.58,18.69,-28.11
377740,바이오노트,기타,4695.0,-5.48,0.31,0.0,0.0,0.0,47.84,-1.78,2.74,-3.79
018290,브이티,기타,13630.0,7.96,1.95,24.5,0.32,0.0,47.63,10.36,14.73,-14.76
089010,켐트로닉스,기타,28050.0,45.91,2.0,4.36,10.53,0.0,47.04,21.17,34.53,-31.59
145990,삼양사,기타,45750.0,-1.56,0.29,0.0,0.0,0.0,47.18,-2.76,-0.65,2.92
001500,현대차증권,기타,7700.0,7.75,0.29,3.74,2.07,0.0,47.61,-6.1,-1.41,-32.34
015750,성우하이텍,기타,5920.0,2.81,0.28,9.96,0.28,0.0,47.36,-2.79,4.59,-32.19
290550,디케이티,기타,23500.0,20.28,2.32,11.44,1.77,0.0,47.0,46.51,23.42,-23.2
278280,천보,기타,38600.0,-6.76,1.06,0.0,0.0,0.0,47.3,-3.38,9.04,-31.07
125490,한라캐스트,기타,12980.0,110.94,4.49,4.05,27.39,0.0,47.38,18.76,72.38,-23.2
033500,동성화인텍,기타,15670.0,8.41,1.81,21.52,0.39,0.0,46.99,-8.47,-0.19,-37.19
034950,한국기업평가,기타,103400.0,18.61,3.49,18.75,0.99,0.0,46.95,0.19,1.67,-2.73
249420,일동제약,기타,14910.0,16.0,1.91,11.94,1.34,0.0,47.17,-0.86,0.4,-34.89
005250,녹십자홀딩스,기타,10150.0,-7.23,0.51,0.0,0.0,0.0,47.73,3.36,3.26,-29.12
039130,하나투어,기타,30150.0,14.81,3.07,20.73,0.71,0.0,46.7,-8.08,-2.9,-25.28
056080,유진로봇,기타,12320.0,-144.94,12.94,0.0,0.0,0.0,47.11,0.9,1.32,-55.04
101730,위메이드맥스,기타,5310.0,-12.46,0.95,0.0,0.0,0.0,44.5,30.95,7.38,9.48
020000,한섬,기타,21650.0,10.5,0.32,3.05,3.44,0.0,46.5,39.68,-3.56,-15.43
004690,삼천리,기타,127000.0,4.62,0.26,5.63,0.82,0.0,46.06,-4.8,11.31,-10.06
475960,토모큐브,기타,34450.0,-94.38,11.83,0.0,0.0,0.0,46.43,22.16,8.85,-34.88
019210,와이지-원,기타,12440.0,18.29,1.08,5.9,3.1,0.0,46.27,-12.95,-43.96,-13.19
448730,삼성FN리츠,기타,5000.0,0.0,0.0,0.0,0.0,0.0,45.53,-4.76,-5.84,-10.23
368770,파이버프로,기타,13960.0,49.33,9.99,20.25,2.44,0.0,45.86,18.31,13.68,-38.77
340570,티앤엘,기타,28550.0,12.05,2.26,18.76,0.64,0.0,45.88,-1.55,10.83,2.57
460930,현대힘스,기타,12770.0,21.14,1.79,8.47,2.5,0.0,45.35,-4.49,15.99,-29.87
217590,티엠씨,기타,18510.0,-841.36,3.98,0.0,0.0,0.0,44.6,72.35,75.28,-38.71
336570,원텍,기타,5080.0,12.93,2.88,22.27,0.58,0.0,45.35,0.59,-7.3,-38.8
002240,고려제강,기타,16700.0,46.91,0.25,0.53,88.51,0.0,45.09,-2.74,-3.36,-25.28
475830,오름테라퓨틱,기타,20200.0,-10.02,3.28,0.0,0.0,0.0,43.94,-62.66,-56.37,-75.49
376300,디어유,기타,18920.0,24.1,2.14,8.88,2.71,0.0,44.91,3.05,-12.81,-32.19
078340,컴투스,기타,36950.0,12.9,0.42,3.26,3.96,0.0,44.68,16.56,42.39,23.79
035890,서희건설,기타,2145.0,4.05,0.37,9.14,0.44,0.0,44.53,-9.3,6.98,-12.09
009900,명신산업,기타,8420.0,6.47,0.58,8.96,0.72,0.0,44.18,-2.21,21.5,-29.24
003030,세아제강지주,기타,108000.0,7.07,0.21,2.97,2.38,0.0,44.73,2.37,3.35,-41.75
003280,흥아해운,기타,1852.0,14.58,1.74,11.93,1.22,0.0,44.53,6.5,13.41,-33.38
004700,조광피혁,기타,66500.0,35.07,0.79,2.25,15.59,0.0,44.22,4.56,5.56,7.61
000070,삼양홀딩스,기타,56600.0,-2.44,0.22,0.0,0.0,0.0,43.94,-6.91,2.54,-9.44
005420,코스모화학,기타,11440.0,-14.48,2.0,0.0,0.0,0.0,43.94,10.42,20.29,-29.03
027360,아주IB투자,기타,3615.0,52.39,1.62,3.09,16.95,0.0,43.79,14.76,-4.11,-78.55
272290,이녹스첨단소재,기타,22000.0,7.66,1.05,13.71,0.56,0.0,43.86,6.8,2.56,-36.23
010780,아이에스동서,기타,14730.0,-8.27,0.35,0.0,0.0,0.0,43.78,-6.24,-27.26,-38.75
200470,에이팩트,기타,9970.0,-8.33,7.65,0.0,0.0,0.0,43.69,59.52,90.27,12.78
170920,엘티씨,기타,40700.0,84.79,3.25,3.83,22.14,0.0,43.0,8.82,-4.68,-0.25
079370,제우스,기타,14090.0,-74.95,1.3,0.0,0.0,0.0,43.7,30.71,59.39,-9.16
403550,쏘카,기타,11500.0,-20.54,2.29,0.0,0.0,0.0,43.63,3.14,12.97,-12.81
159010,아스플로,기타,32600.0,-43.76,9.08,0.0,0.0,0.0,43.47,35.27,110.32,120.42
397030,에이프릴바이오,기타,15480.0,17.22,3.82,22.18,0.78,0.0,42.66,-14.85,-41.8,-78.88
187660,페니트리움바이오,기타,6680.0,-15.32,43.95,0.0,0.0,0.0,42.73,3.25,42.74,-24.43
486990,노타,기타,20200.0,-20.65,15.68,0.0,0.0,0.0,43.21,13.8,12.16,-35.87
417840,저스템,기타,18730.0,115.62,7.6,6.57,17.6,0.0,42.98,33.03,83.09,42.98
016610,DB증권,기타,10120.0,5.28,0.37,7.01,0.75,0.0,42.96,1.4,10.96,-27.82
002030,아세아,기타,205000.0,13.82,0.28,2.03,6.81,0.0,42.21,-1.2,3.59,-9.49
034310,NICE,기타,11710.0,11.54,0.54,4.68,2.47,0.0,43.04,-6.62,4.37,-12.42
078130,국일제지,기타,3775.0,-235.94,3.55,0.0,0.0,0.0,42.56,8.48,0.94,-13.42
107640,한중엔시에스,기타,46950.0,105.74,4.55,4.3,24.59,0.0,42.56,15.93,60.24,-20.83
002990,금호건설,기타,11380.0,6.64,1.66,25.0,0.27,0.0,42.4,-29.36,-34.26,150.94
271940,일진하이솔루스,기타,11690.0,-212.55,1.35,0.0,0.0,0.0,42.45,1.74,12.84,-29.07
090435,아모레퍼시픽우,기타,40350.0,0.0,0.0,0.0,0.0,0.0,42.6,-10.13,8.91,-10.93
030520,한컴,기타,17580.0,12.36,1.14,9.22,1.34,0.0,42.51,1.15,2.63,-10.85
003000,부광약품,기타,4240.0,28.84,1.23,4.26,6.77,0.0,41.83,3.29,9.0,-30.38
306200,세아제강,기타,147300.0,13.93,0.37,2.66,5.24,0.0,41.78,1.59,23.89,-5.58
005945,NH투자증권우,기타,22200.0,0.0,0.0,0.0,0.0,0.0,41.89,-5.13,-7.5,-18.08
072710,농심홀딩스,기타,88800.0,3.59,0.31,8.64,0.42,0.0,41.18,-5.03,-0.45,-4.82
114810,한솔아이원스,기타,14590.0,14.77,1.92,13.0,1.14,0.0,41.06,5.12,29.57,-10.49
013030,하이록코리아,기타,34800.0,8.4,0.9,10.71,0.78,0.0,40.95,2.96,15.81,-13.65
014830,유니드,기타,60800.0,6.31,0.37,5.86,1.08,0.0,41.15,-5.88,-2.25,-24.38
067160,SOOP,기타,36400.0,4.11,0.83,20.19,0.2,0.0,40.73,-4.84,-23.04,-30.93
052710,아모텍,기타,21600.0,48.11,2.44,5.07,9.49,0.0,40.35,92.86,36.76,19.28
012030,DB,기타,2005.0,8.22,0.85,10.34,0.79,0.0,40.34,19.92,36.3,-11.09
372320,큐로셀,기타,26150.0,-8.09,75.14,0.0,0.0,0.0,39.82,8.96,-4.39,-39.12
204620,글로벌텍스프리,기타,5740.0,11.62,2.88,24.78,0.47,0.0,40.34,8.3,11.67,0.7
332570,PS일렉트로닉스,기타,8640.0,24.62,3.25,13.2,1.87,0.0,39.69,12.65,54.56,-28.71
011930,신성이엔지,기타,19450.0,-57.21,1.7,0.0,0.0,0.0,39.5,19.77,23.65,-51.31
389470,인벤티지랩,기타,29950.0,-39.2,5.8,0.0,0.0,0.0,39.86,14.31,-16.81,-48.0
348210,넥스틴,기타,37600.0,-160.0,2.55,0.0,0.0,0.0,39.39,20.51,-2.72,-45.74
241770,메카로,기타,39000.0,31.5,1.89,6.0,5.25,0.0,39.75,3.59,12.39,4.84
002810,삼영무역,기타,21350.0,6.73,0.62,9.21,0.73,0.0,39.43,-3.83,13.87,-0.47
441270,파인엠텍,기타,9310.0,-23.69,2.09,0.0,0.0,0.0,39.37,0.54,57.8,-7.73
130660,한전산업,기타,12120.0,96.96,3.83,3.95,24.55,0.0,39.51,-4.79,12.53,-29.04
357120,코람코라이프인프라리츠,기타,4055.0,52.66,0.84,1.6,32.91,0.0,39.47,-0.61,0.87,-7.84
005389,현대차3우B,기타,170400.0,0.0,0.0,0.0,0.0,0.0,39.57,-6.89,-12.62,-33.7
215200,메가스터디교육,기타,38150.0,4.83,0.79,16.36,0.3,0.0,39.54,9.31,-0.13,-17.42
078160,메디포스트,기타,10070.0,-4.52,1.58,0.0,0.0,0.0,39.48,11.27,18.75,-61.34
095660,네오위즈,기타,18120.0,7.92,0.67,8.46,0.94,0.0,39.21,2.43,-0.22,-10.52
008730,율촌화학,기타,15640.0,93.1,1.33,1.43,65.1,0.0,38.79,-2.92,11.4,-31.4
138080,오이솔루션,기타,31600.0,-12.62,5.47,0.0,0.0,0.0,39.11,47.66,56.05,-35.18
001200,유진투자증권,기타,4035.0,6.06,0.33,5.45,1.11,0.0,39.09,-7.13,-1.94,-34.81
092730,네오팜,기타,24300.0,14.0,1.95,13.93,1.01,0.0,38.95,8.72,28.44,24.36
330860,네패스아크,기타,31400.0,-13.34,2.31,0.0,0.0,0.0,38.26,28.69,-9.9,-24.88
200710,에이디테크놀로지,기타,28200.0,105.22,2.7,2.57,40.94,0.0,37.96,15.1,-20.45,-41.68
317400,자이에스앤디,기타,9860.0,13.56,0.83,6.12,2.22,0.0,38.24,-7.16,117.9,132.0
015360,INVENI,기타,14610.0,4.99,0.5,10.02,0.5,0.0,38.35,3.18,4.36,-13.4
344820,KCC글라스,기타,23750.0,-4.54,0.27,0.0,0.0,0.0,37.93,-4.81,9.45,-10.55
236200,슈프리마,기타,54200.0,12.11,1.39,11.48,1.05,0.0,37.8,6.48,20.44,13.03
003350,한국화장품제조,기타,16570.0,0.0,0.0,0.0,0.0,0.0,37.55,27.56,117.45,72.6
031430,신세계인터내셔날,기타,10850.0,89.67,0.45,0.5,179.34,0.0,37.96,4.23,-10.18,-24.55
477850,마키나락스,기타,21250.0,-22.51,21.82,0.0,0.0,0.0,37.73,-9.17,-28.16,-64.5
092230,KPX홀딩스,기타,96000.0,5.11,0.34,6.65,0.77,0.0,37.91,-2.04,10.98,10.47
039440,에스티아이,기타,24150.0,24.79,1.29,5.2,4.77,0.0,37.45,21.97,0.62,-31.1
002710,TCC스틸,기타,14090.0,-49.61,1.51,0.0,0.0,0.0,36.94,27.63,59.93,-19.12
069080,웹젠,기타,12170.0,17.56,0.52,2.96,5.93,0.0,37.69,8.56,-1.46,6.57
036800,나이스정보통신,기타,8220.0,9.59,0.91,9.49,1.01,0.0,37.4,13.07,36.54,48.64
025900,동화기업,기타,7340.0,-8.11,0.41,0.0,0.0,0.0,37.11,2.8,28.32,-27.47
089590,제주항공,기타,4550.0,-3.15,1.33,0.0,0.0,0.0,36.69,-1.62,5.81,-9.9
029530,신도리코,기타,38200.0,19.19,0.31,1.62,11.85,0.0,37.11,-4.98,-4.74,-18.2
126560,현대퓨처넷,기타,3375.0,49.63,0.51,1.03,48.18,0.0,36.86,-0.44,16.58,7.83
025320,시노펙스,기타,3965.0,49.56,2.12,4.28,11.58,0.0,36.57,2.06,-2.58,-24.48
092190,서울바이오시스,기타,8000.0,-23.81,4.65,0.0,0.0,0.0,36.69,0.38,24.22,-32.15
006220,제주은행,기타,9660.0,24.96,0.56,2.24,11.14,0.0,36.51,-3.5,3.65,-17.44
010955,S-Oil우,기타,89900.0,0.0,0.0,0.0,0.0,0.0,36.16,24.17,38.31,59.68
016590,신대양제지,기타,9040.0,15.97,0.44,2.76,5.79,0.0,36.43,-13.16,-7.19,-20.98
456010,아이씨티케이,기타,24850.0,-49.8,7.86,0.0,0.0,0.0,36.04,65.67,69.86,18.9
046970,우리로,기타,8170.0,-453.89,9.05,0.0,0.0,0.0,35.81,68.28,82.98,-12.24
078020,LS증권,기타,6450.0,18.86,0.41,2.17,8.69,0.0,35.79,-3.59,-0.31,-15.58
006405,삼성SDI우,기타,219500.0,0.0,0.0,0.0,0.0,0.0,35.51,0.0,21.27,-31.08
183190,아세아시멘트,기타,10030.0,22.19,0.33,1.49,14.89,0.0,36.09,-8.15,8.79,-9.96
060280,큐렉소,기타,8620.0,128.66,3.68,2.86,44.99,0.0,35.57,6.03,5.64,-41.64
027410,BGF,기타,3785.0,6.12,0.2,3.27,1.87,0.0,36.23,-2.07,-1.69,-20.82
001940,KISCO홀딩스,기타,25500.0,-19.81,0.27,0.0,0.0,0.0,36.15,-2.3,3.24,4.29
007690,국도화학,기타,38350.0,16.29,0.38,2.33,6.99,0.0,35.52,-0.39,7.57,-0.26
110990,디아이티,기타,18560.0,11.55,1.45,12.55,0.92,0.0,35.08,15.64,12.28,-24.09
092790,넥스틸,기타,13660.0,9.86,0.77,7.81,1.26,0.0,35.52,3.17,28.26,-21.31
950210,프레스티지바이오파마,기타,5980.0,-3.93,0.83,0.0,0.0,0.0,35.94,-7.29,5.28,-23.33
168360,펨트론,기타,15700.0,-88.2,12.91,0.0,0.0,0.0,35.16,20.21,8.65,-37.82
005610,삼립,기타,41150.0,25.29,0.69,2.73,9.26,0.0,35.51,0.61,5.65,-11.6
003800,에이스침대,기타,32400.0,6.42,0.46,7.17,0.9,0.0,35.93,-1.52,2.21,-3.57
015860,일진홀딩스,기타,7150.0,10.03,0.63,6.28,1.6,0.0,35.28,7.2,28.6,-48.6
006910,보성파워텍,기타,7220.0,59.67,3.92,6.57,9.08,0.0,35.47,-1.5,12.46,-44.5
105630,한세실업,기타,8790.0,6.14,0.47,7.65,0.8,0.0,35.16,-3.83,-2.33,-17.31
393890,더블유씨피,기타,10310.0,-2.15,0.39,0.0,0.0,0.0,34.89,2.28,20.73,-42.34
194370,제이에스코퍼레이션,기타,12050.0,4.48,0.66,14.73,0.3,0.0,34.97,-5.04,2.73,-12.11
145720,덴티움,기타,39850.0,26.87,0.61,2.27,11.84,0.0,34.37,4.73,2.18,-21.09
036620,감성코퍼레이션,기타,3840.0,12.15,3.17,26.09,0.47,0.0,34.51,-2.04,-5.19,-32.75
170900,동아에스티,기타,35450.0,-12.17,0.53,0.0,0.0,0.0,34.49,-3.41,1.0,-15.6
009290,광동제약,기타,7000.0,17.5,0.53,3.03,5.78,0.0,34.86,11.46,14.75,-11.62
018000,유니슨,기타,1174.0,-10.97,2.72,0.0,0.0,0.0,34.27,-5.4,36.35,5.2
064260,다날,기타,4480.0,-4.92,1.11,0.0,0.0,0.0,33.89,-11.64,12.56,-36.63
093520,매커스,기타,28250.0,18.77,1.95,10.39,1.81,0.0,33.62,4.05,73.31,10.78
104700,한국철강,기타,9380.0,16.93,0.41,2.42,7.0,0.0,34.19,-1.78,2.18,-4.87
455900,엔젤로보틱스,기타,22250.0,-32.43,8.27,0.0,0.0,0.0,34.25,4.46,38.28,-21.24
060980,HL홀딩스,기타,37650.0,16.95,0.32,1.89,8.97,0.0,33.72,-6.69,1.89,-15.39
097520,엠씨넥스,기타,19100.0,6.64,0.8,12.05,0.55,0.0,33.24,0.37,4.54,-15.4
017810,풀무원,기타,8850.0,18.63,1.05,5.64,3.3,0.0,33.74,-6.05,-2.43,-18.81
017890,한국알콜,기타,16180.0,11.31,0.61,5.39,2.1,0.0,33.45,12.13,24.75,27.4
117730,티로보틱스,기타,14640.0,-6.57,6.35,0.0,0.0,0.0,33.02,12.53,27.64,-27.16
482630,삼양엔씨켐,기타,15110.0,0.0,0.0,0.0,0.0,0.0,33.07,19.45,15.87,-30.53
005720,넥센,기타,6200.0,3.88,0.23,5.93,0.65,0.0,32.58,4.91,4.55,-10.66
448900,한국피아이엠,기타,54400.0,-6044.44,5.73,0.0,0.0,0.0,33.05,9.79,18.26,-53.46
000157,두산2우B,기타,372000.0,0.0,0.0,0.0,0.0,0.0,33.22,6.29,0.68,-33.45
425040,티이엠씨,기타,15050.0,20.12,1.59,7.9,2.55,0.0,32.99,78.11,62.35,-34.85
215600,신라젠,기타,2380.0,-13.6,2.99,0.0,0.0,0.0,32.98,-0.42,13.06,-27.88
036200,유니셈,기타,10560.0,36.04,1.28,3.55,10.15,0.0,32.38,16.94,27.23,-10.51
061970,LB세미콘,기타,4675.0,-1.92,1.11,0.0,0.0,0.0,32.76,18.2,18.2,-11.48
121440,골프존홀딩스,기타,7730.0,13.78,0.4,2.9,4.75,0.0,33.11,-3.98,16.24,59.55
091580,상신이디피,기타,24450.0,161.92,2.04,1.26,128.51,0.0,32.59,17.83,82.46,0.41
011760,현대코퍼레이션,기타,24250.0,3.7,0.42,11.35,0.33,0.0,32.08,-6.55,7.78,-13.7
042520,한스바이오메드,기타,22300.0,-9.62,8.59,0.0,0.0,0.0,31.8,13.78,-6.69,-5.51
009160,SIMPAC,기타,4915.0,15.6,0.4,2.56,6.09,0.0,32.13,1.34,-4.19,-22.96
234340,헥토파이낸셜,기타,22500.0,33.89,1.78,5.25,6.46,0.0,31.43,-10.71,34.09,-41.02
026890,스틱인베스트먼트,기타,8220.0,22.77,1.17,5.14,4.43,0.0,31.87,-2.61,14.97,-10.55
446540,메가터치,기타,11000.0,0.0,0.0,0.0,0.0,0.0,31.99,55.15,76.0,64.42
424870,이뮨온시아,기타,3470.0,0.0,0.0,0.0,0.0,0.0,31.72,19.24,14.33,-39.34
024720,콜마홀딩스,기타,9250.0,13.54,0.52,3.84,3.53,0.0,31.72,-4.84,11.04,-11.74
012210,삼미금속,기타,13510.0,0.0,0.0,0.0,0.0,0.0,31.14,32.45,108.17,-1.03
488900,비츠로넥스텍,기타,10680.0,-16.9,7.29,0.0,0.0,0.0,30.95,14.47,47.92,-40.83
900290,GRT,기타,3390.0,3.74,0.32,8.56,0.44,0.0,31.44,-15.36,32.68,-1.02
096760,JW홀딩스,기타,4300.0,5.44,1.11,20.4,0.27,0.0,31.79,2.87,16.06,7.77
206650,유바이오로직스,기타,8520.0,16.38,2.36,14.41,1.14,0.0,31.31,-1.16,6.37,-29.29
001230,동국홀딩스,기타,2010.0,19.9,0.14,0.7,28.43,0.0,31.26,0.65,23.16,-21.02
354320,알멕,기타,49650.0,-242.2,2.11,0.0,0.0,0.0,31.73,32.22,92.82,-36.99
126720,수산인더스트리,기타,21700.0,6.34,0.55,8.68,0.73,0.0,31.0,0.46,4.58,-30.11
086390,유니테스트,기타,14450.0,-14.68,3.03,0.0,0.0,0.0,30.54,25.0,47.3,-22.56
084010,대한제강,기타,9130.0,21.74,0.33,1.52,14.3,0.0,31.38,6.78,21.57,-19.56
381970,KG모빌리티플랫폼,기타,6300.0,0.0,0.0,0.0,0.0,0.0,30.76,0.16,-19.95,-37.19
272450,진에어,기타,5830.0,3.18,1.26,39.62,0.08,0.0,30.43,-5.66,10.21,-5.2
084110,휴온스글로벌,기타,23800.0,10.43,0.53,5.08,2.05,0.0,30.13,0.85,-10.36,-45.97
005430,한국공항,기타,95200.0,7.43,0.72,9.69,0.77,0.0,30.14,19.15,19.9,54.05
265520,AP시스템,기타,19970.0,12.76,0.8,6.27,2.04,0.0,30.06,4.66,1.11,-27.78
005950,이수화학,기타,11390.0,-9.13,3.12,0.0,0.0,0.0,29.95,-2.82,-8.95,21.69
160980,싸이맥스,기타,27200.0,19.88,1.53,7.7,2.58,0.0,29.71,18.0,-2.68,-24.13
025860,남해화학,기타,6060.0,10.32,0.53,5.14,2.01,0.0,30.11,-3.04,7.83,-32.89
199800,툴젠,기타,33700.0,-8.17,5.57,0.0,0.0,0.0,30.32,-3.16,-1.22,-75.23
200880,서연이화,기타,10970.0,4.94,0.25,5.06,0.98,0.0,29.65,-5.02,3.49,-21.75
203650,드림시큐리티,기타,2885.0,34.35,2.32,6.75,5.09,0.0,29.34,43.18,37.71,-20.08
018250,애경산업,기타,11310.0,19.64,0.71,3.62,5.43,0.0,29.87,-3.0,3.95,-15.66
002310,아세아제지,기타,7590.0,10.71,0.34,3.17,3.38,0.0,29.94,-15.48,-2.57,-8.55
002020,코오롱,기타,23000.0,-1.99,0.17,0.0,0.0,0.0,29.69,-10.14,-46.52,-70.75
228760,지노믹트리,기타,11800.0,-31.98,2.46,0.0,0.0,0.0,29.33,11.85,11.22,-22.06
078520,에이블씨엔씨,기타,11790.0,21.71,3.42,15.75,1.38,0.0,29.43,8.46,24.63,-15.06
123890,한국자산신탁,기타,2425.0,6.03,0.27,4.48,1.35,0.0,29.68,-5.46,10.73,2.32
003120,일성아이에스,기타,22200.0,22.54,0.6,2.66,8.47,0.0,29.53,8.03,11.61,5.71
049070,인탑스,기타,18730.0,19.88,0.44,2.21,9.0,0.0,29.49,-2.85,10.5,-12.07
025770,한국정보통신,기타,7840.0,8.02,0.82,10.22,0.78,0.0,29.36,-1.13,3.7,-27.14
054950,제이브이엠,기타,24250.0,10.34,1.19,11.51,0.9,0.0,29.32,3.63,14.12,2.54
484590,삼양컴텍,기타,7120.0,13.83,4.1,29.65,0.47,0.0,29.34,4.55,22.34,-35.57
092460,한라IMS,기타,17120.0,11.49,1.47,12.79,0.9,0.0,29.29,1.54,20.39,-16.08
452430,사피엔반도체,기타,34950.0,0.0,0.0,0.0,0.0,0.0,28.85,7.21,23.72,-16.98
108670,LX하우시스,기타,32750.0,-7.47,0.39,0.0,0.0,0.0,29.37,-7.36,5.31,-15.59
304360,에스바이오메딕스,기타,23000.0,-33.63,32.39,0.0,0.0,0.0,28.71,4.78,18.62,-28.79
010820,퍼스텍,기타,5980.0,26.7,4.57,17.12,1.56,0.0,29.17,1.36,8.14,-53.54
386380,스카이랩스,기타,15280.0,0.0,0.0,0.0,0.0,0.0,28.67,-49.98,-34.98,-34.98
468670,브릴스,기타,24950.0,0.0,0.0,0.0,0.0,0.0,28.35,0.0,0.0,0.0
200670,휴메딕스,기타,26000.0,0.0,0.0,0.0,0.0,0.0,29.2,0.78,0.39,-22.16
001750,한양증권,기타,19120.0,6.53,0.49,7.5,0.87,0.0,28.89,-1.95,-3.24,-28.39
035810,이지홀딩스,기타,4470.0,10.8,0.41,3.8,2.84,0.0,28.84,-5.8,6.68,-13.2
244920,에이플러스에셋,기타,12940.0,13.22,1.72,13.01,1.02,0.0,29.25,-7.51,27.11,20.26
352480,씨앤씨인터내셔널,기타,21050.0,15.86,0.81,5.11,3.1,0.0,28.69,-3.44,4.47,-15.8
033270,유나이티드제약,기타,18020.0,9.06,0.68,7.51,1.21,0.0,28.67,-1.15,5.01,-7.21
448280,에코아이,기타,9620.0,160.33,2.28,1.42,112.91,0.0,28.51,0.94,44.88,-10.18
084690,대상홀딩스,기타,7870.0,-2.73,0.47,0.0,0.0,0.0,28.5,-1.99,7.96,-14.18
389500,에스비비테크,기타,42550.0,0.0,0.0,0.0,0.0,0.0,28.35,9.66,26.64,-58.81
136480,하림,기타,2680.0,7.38,0.87,11.79,0.63,0.0,28.46,0.94,-1.47,-13.41
034830,한국토지신탁,기타,1115.0,13.43,0.23,1.71,7.85,0.0,28.15,-6.62,1.09,-24.71
004430,송원산업,기타,11780.0,121.44,0.37,0.3,404.8,0.0,28.27,-0.42,-3.6,-6.28
317330,덕산테코피아,기타,13670.0,-3.65,2.42,0.0,0.0,0.0,27.99,14.11,37.8,-51.0
101930,인화정공,기타,6090.0,11.26,0.82,7.28,1.55,0.0,27.83,-4.99,-3.94,-53.33
042370,비츠로테크,기타,10830.0,42.81,1.1,2.57,16.66,0.0,28.37,32.4,34.37,-35.88
001390,KG케미칼,기타,4200.0,4.12,0.28,6.8,0.61,0.0,27.89,-6.98,2.31,-25.4
493280,아이엠바이오로직스,기타,18700.0,0.0,0.0,0.0,0.0,0.0,27.76,28.52,-7.88,-52.23
071200,인피니트헬스케어,기타,11420.0,10.55,1.45,13.74,0.77,0.0,27.86,25.49,44.37,57.95
314130,지놈앤컴퍼니,기타,5290.0,-30.76,2.2,0.0,0.0,0.0,27.67,53.56,38.12,-24.21
378340,필에너지,기타,12770.0,-17.84,2.17,0.0,0.0,0.0,27.64,6.59,15.99,-28.06
115450,HLB테라퓨틱스,기타,2870.0,-27.6,1.68,0.0,0.0,0.0,27.17,37.98,28.7,-13.55
016800,퍼시스,기타,23800.0,7.69,0.36,4.68,1.64,0.0,27.37,-12.34,-12.66,-24.2
044450,KSS해운,기타,12220.0,7.71,0.51,6.61,1.17,0.0,27.59,19.92,31.54,6.54
060720,KH바텍,기타,11490.0,13.34,0.91,6.82,1.96,0.0,27.21,3.89,21.33,-15.08
000430,대원강업,기타,4445.0,7.57,0.49,6.47,1.17,0.0,27.56,-2.52,16.67,8.95
452280,한선엔지니어링,기타,14150.0,57.99,4.11,7.09,8.18,0.0,27.24,38.86,29.94,-21.13
122900,아이마켓코리아,기타,8220.0,13.11,0.7,5.34,2.46,0.0,27.48,0.61,14.33,10.48
094360,칩스앤미디어,기타,12620.0,45.07,3.06,6.79,6.64,0.0,26.95,16.96,6.05,-29.69
002900,TYM,기타,6570.0,7.31,0.62,8.48,0.86,0.0,27.2,-6.68,6.14,-27.0
287840,인투셀,기타,18150.0,0.0,0.0,0.0,0.0,0.0,27.26,4.61,-17.12,-46.3
394280,오픈엣지테크놀로지,기타,10140.0,-8.39,14.85,0.0,0.0,0.0,26.72,20.57,-7.23,-45.19
309710,아이티켐,기타,21000.0,-16.73,4.02,0.0,0.0,0.0,26.84,0.0,0.0,0.0
294570,쿠콘,기타,26150.0,0.0,0.0,0.0,0.0,0.0,26.39,-12.69,48.58,-8.89
036710,심텍홀딩스,기타,5050.0,-6.95,10.41,0.0,0.0,0.0,26.68,24.38,47.02,-8.35
017390,서울가스,기타,54100.0,8.74,0.19,2.17,4.03,0.0,26.78,-3.22,-0.73,-12.03
058430,포스코스틸리온,기타,4505.0,15.86,0.7,4.41,3.6,0.0,27.03,-5.26,-3.84,-37.43
098070,한텍,기타,23650.0,8.21,1.62,19.73,0.42,0.0,26.3,-7.07,6.77,-38.65
472850,폰드그룹,기타,4660.0,7.77,1.14,14.67,0.53,0.0,26.83,-2.51,25.95,-10.73
286940,롯데이노베이트,기타,17600.0,26.79,0.62,2.31,11.6,0.0,26.63,-6.33,6.22,-17.95
091810,트리니티항공,기타,2640.0,-0.4,3.66,0.0,0.0,0.0,26.96,-4.69,-15.65,-41.01
035600,KG이니시스,기타,9690.0,5.59,0.52,9.3,0.6,0.0,26.7,-5.83,3.64,-7.98
267980,매일유업,기타,34750.0,4.82,0.4,8.3,0.58,0.0,26.63,2.06,4.98,0.29
182400,엔케이젠바이오텍코리아,기타,3670.0,-22.94,37.07,0.0,0.0,0.0,26.55,0.0,0.0,0.0
024840,KBI메탈,기타,6050.0,-6050.0,1.74,0.0,0.0,0.0,26.3,13.94,43.36,-34.24
254490,미래반도체,기타,18290.0,43.65,3.07,7.03,6.21,0.0,26.41,18.31,17.85,-48.62
085910,네오티스,기타,19200.0,62.95,4.62,7.34,8.58,0.0,26.49,35.88,27.41,-33.91
100120,뷰웍스,기타,29600.0,13.15,1.06,8.06,1.63,0.0,26.56,9.63,29.54,-9.34
005500,삼진제약,기타,19830.0,0.0,0.0,0.0,0.0,0.0,26.41,5.59,10.35,11.15
010690,화신,기타,7550.0,3.95,0.46,11.65,0.34,0.0,26.36,-3.21,-9.36,-50.56
439090,마녀공장,기타,15920.0,28.58,2.13,7.45,3.84,0.0,26.1,-0.31,-1.3,-8.45
272110,케이엔제이,기타,32350.0,10.16,2.61,25.69,0.4,0.0,25.96,30.71,26.86,-13.15
105840,우진,기타,12860.0,29.91,1.31,4.38,6.83,0.0,25.97,-6.61,-10.94,-47.08
232530,이엠티,기타,10220.0,-134.47,-208.57,0.0,0.0,0.0,26.18,2.2,-9.16,-33.46
002320,한진,기타,16670.0,-161.84,0.18,0.0,0.0,0.0,25.87,11.8,6.86,-8.66
004310,현대약품,기타,8080.0,0.0,0.0,0.0,0.0,0.0,25.86,-4.04,75.84,2.93
089980,상아프론테크,기타,16340.0,38.72,1.26,3.25,11.91,0.0,26.13,8.57,19.36,-32.34
389650,넥스트바이오메디컬,기타,31100.0,80.36,5.57,6.93,11.6,0.0,25.74,0.16,-17.51,-43.14
266690,덕산넵코어스,기타,13280.0,0.0,0.0,0.0,0.0,0.0,25.09,0.0,0.0,0.0
099440,스맥,기타,3825.0,-10.17,2.67,0.0,0.0,0.0,26.1,-0.91,42.99,-7.16
091700,파트론,기타,5210.0,8.8,0.5,5.68,1.55,0.0,26.05,-3.87,-8.92,-27.84
051500,CJ프레시웨이,기타,21650.0,5.13,0.56,10.92,0.47,0.0,25.7,-8.07,-2.7,-14.76
043150,바텍,기타,17490.0,6.48,0.52,8.02,0.81,0.0,25.98,-4.11,-1.07,-20.68
226320,잇츠한불,기타,11730.0,15.39,0.53,3.44,4.47,0.0,25.72,12.79,13.01,-3.22
004360,세방,기타,13490.0,4.71,0.25,5.31,0.89,0.0,25.79,-0.07,8.7,-11.37
000650,천일고속,기타,180300.0,-61.39,18.2,0.0,0.0,0.0,25.77,25.38,13.4,3.09
032580,피델릭스,기타,7620.0,-113.73,5.3,0.0,0.0,0.0,25.25,55.51,55.83,208.5
037710,광주신세계,기타,33600.0,0.0,0.0,0.0,0.0,0.0,25.63,-5.88,-19.23,-7.95
121800,비덴트,기타,3320.0,29.12,0.4,1.37,21.26,0.0,25.63,0.0,0.0,0.0
151860,KG에코솔루션,기타,5380.0,3.13,0.16,5.11,0.61,0.0,25.61,-3.58,2.48,-15.41
003200,일신방직,기타,11120.0,7.7,0.26,3.38,2.28,0.0,25.53,6.92,10.1,-8.93
484120,도우인시스,기타,23000.0,469.39,1.49,0.32,1466.84,0.0,25.2,12.47,45.57,2.91
068930,디지털대성,기타,9230.0,12.21,1.73,14.17,0.86,0.0,25.54,7.08,28.19,7.7
073490,LIG아큐버,기타,33200.0,-210.13,1.51,0.0,0.0,0.0,25.24,13.5,43.41,-37.12
377460,큐에이드,기타,4080.0,-0.14,0.33,0.0,0.0,0.0,25.32,0.0,0.0,0.0
001250,GS글로벌,기타,3080.0,12.78,0.47,3.68,3.47,0.0,25.42,16.01,21.74,-26.32
334890,이지스밸류플러스리츠,기타,3610.0,19.0,0.55,2.89,6.57,0.0,25.07,0.7,6.33,-9.41
416180,신성에스티,기타,27300.0,447.54,2.33,0.52,860.65,0.0,24.68,8.76,48.29,-19.35
112290,와이씨켐,기타,12100.0,-7.65,2.75,0.0,0.0,0.0,24.47,25.26,24.87,-19.39
023410,유진기업,기타,3235.0,-24.51,0.25,0.0,0.0,0.0,25.01,0.15,-5.13,-12.57
005680,삼영전자,기타,12500.0,48.83,0.44,0.9,54.26,0.0,25.0,2.54,-15.37,-10.59
486510,글로벌테크놀로지,기타,12420.0,0.0,0.0,0.0,0.0,0.0,24.4,-14.34,-14.34,-14.34
003960,사조대림,기타,27250.0,-3.18,0.37,0.0,0.0,0.0,24.97,-8.09,-7.63,-8.71
445090,에이직랜드,기타,22900.0,-9.37,4.5,0.0,0.0,0.0,25.02,12.53,7.01,-21.71
036890,진성티이씨,기타,11190.0,7.66,0.76,9.92,0.77,0.0,24.65,-12.99,-14.06,-39.02
020120,키다리스튜디오,기타,6670.0,37.26,1.22,3.27,11.39,0.0,24.72,-5.12,100.3,73.7
036030,케이티알파,기타,5030.0,0.0,0.0,0.0,0.0,0.0,24.66,6.46,13.93,0.0
377450,리파인,기타,14170.0,11.91,1.23,10.33,1.15,0.0,24.56,-16.5,41.7,28.82
376270,HEM파마,기타,32600.0,-9.63,46.7,0.0,0.0,0.0,23.53,-13.3,-18.3,-57.5
298690,에어부산,기타,1509.0,71.86,1.26,1.75,41.06,0.0,24.58,-3.64,-3.64,-20.07
389260,대명에너지,기타,13530.0,16.77,1.47,8.77,1.91,0.0,24.24,3.84,9.02,-34.16
136490,선진,기타,10150.0,2.03,0.43,21.18,0.1,0.0,24.14,-9.77,8.66,-0.78
064820,케이프,기타,7780.0,4.05,0.8,19.75,0.21,0.0,24.01,1.57,-4.54,-44.11
432320,KB스타리츠,기타,1622.0,-8.49,0.92,0.0,0.0,0.0,24.45,8.28,16.44,-3.16
025000,KPX케미칼,기타,58000.0,5.5,0.37,6.73,0.82,0.0,24.05,6.81,15.31,11.54
044820,코스맥스비티아이,기타,25600.0,8.42,0.89,10.57,0.8,0.0,24.59,9.4,37.12,27.05
008490,서흥,기타,20600.0,5.48,0.47,8.58,0.64,0.0,23.83,-3.29,7.35,9.93
030210,다올투자증권,기타,3925.0,6.77,0.41,6.06,1.12,0.0,23.91,0.77,20.21,-6.1
001790,대한제당,기타,2785.0,-4.43,0.54,0.0,0.0,0.0,24.02,-4.13,-0.36,2.58
108860,셀바스AI,기타,9070.0,-40.67,2.22,0.0,0.0,0.0,24.41,-1.09,31.83,-23.91
114190,강원에너지,기타,9160.0,-39.15,6.93,0.0,0.0,0.0,23.93,1.44,5.41,-32.35
340450,지씨지놈,기타,10160.0,-158.75,6.0,0.0,0.0,0.0,24.03,84.73,124.53,47.46
010580,에스엠벡셀,기타,2175.0,217.5,3.59,1.65,131.82,0.0,24.2,28.24,36.62,4.07
007160,사조산업,기타,48300.0,-8.3,0.45,0.0,0.0,0.0,24.15,-4.36,7.1,-6.4
061090,세나테크놀로지,기타,43500.0,13.27,1.38,10.4,1.28,0.0,23.78,10.97,16.0,-14.37
144510,지씨셀,기타,15080.0,-0.87,1.22,0.0,0.0,0.0,23.83,-0.13,11.21,-37.17
099430,바이오플러스,기타,3840.0,15.67,1.35,8.62,1.82,0.0,23.67,13.27,-1.16,-31.79
404990,신한서부티엔디리츠,기타,3860.0,9.72,0.85,8.74,1.11,0.0,23.79,-1.03,5.9,-5.74
003920,남양유업,기타,41750.0,47.93,0.35,0.73,65.66,0.0,23.69,-5.01,1.71,-16.83
001460,BYC,기타,37850.0,16.24,0.55,3.39,4.79,0.0,23.64,0.26,10.03,-17.72
461300,아이스크림미디어,기타,17710.0,6.53,1.21,18.53,0.35,0.0,23.61,-6.79,12.73,0.68
011560,세보엠이씨,기타,23600.0,6.99,0.85,12.16,0.57,0.0,23.8,-10.1,3.96,11.06
067390,아스트,기타,5650.0,-25.0,0.74,0.0,0.0,0.0,23.8,7.01,13.68,-20.76
200130,콜마비앤에이치,기타,8140.0,-10.56,0.65,0.0,0.0,0.0,23.42,-2.63,-1.93,-32.62
243840,신흥에스이씨,기타,5980.0,-46.72,0.76,0.0,0.0,0.0,23.06,5.28,30.57,-34.64
064850,에프앤가이드,기타,20600.0,23.79,3.41,14.33,1.66,0.0,23.51,22.99,-10.82,-31.45
348950,제이알글로벌리츠,기타,1182.0,-2.32,0.22,0.0,0.0,0.0,23.33,0.0,0.0,0.0
000680,LS네트웍스,기타,2945.0,-7.27,0.26,0.0,0.0,0.0,23.21,-0.67,5.56,-22.09
419530,SAMG엔터,기타,22050.0,6.67,2.5,37.48,0.18,0.0,22.51,15.57,-15.84,-39.34
243070,휴온스,기타,19440.0,5.46,0.61,11.17,0.49,0.0,23.29,-7.87,-26.64,-44.85
043370,피에이치에이,기타,11200.0,5.08,0.26,5.12,0.99,0.0,23.52,0.18,2.75,-12.02
017860,DS단석,기타,13070.0,-19.31,0.85,0.0,0.0,0.0,23.07,9.46,15.26,-37.01
003070,코오롱글로벌,기타,9150.0,-0.97,0.34,0.0,0.0,0.0,23.26,-2.35,0.0,-9.05
450950,아스테라시스,기타,6170.0,24.68,4.95,20.06,1.23,0.0,23.22,17.08,-3.44,-42.23
011500,한농화성,기타,14510.0,50.56,1.37,2.71,18.66,0.0,22.69,9.1,20.32,-31.23
083310,엘오티베큠,기타,12750.0,-28.59,0.83,0.0,0.0,0.0,22.71,30.1,50.18,-16.28
298830,슈어소프트테크,기타,4300.0,26.38,2.13,8.07,3.27,0.0,22.99,-0.69,9.69,-44.52
001340,PKC,기타,5070.0,22.53,1.0,4.44,5.07,0.0,22.83,-0.78,-6.11,-20.41
001470,삼부토건,기타,5820.0,-0.03,-0.02,0.0,0.0,0.0,22.78,0.0,0.0,0.0
439960,코스모로보틱스,기타,7040.0,-8.35,13.44,0.0,0.0,0.0,22.85,-44.17,-42.34,-77.44
180400,DXVX,기타,2310.0,-3.94,2.42,0.0,0.0,0.0,22.74,1.99,-3.14,-40.31
462350,이노스페이스,기타,6560.0,-2.04,3.7,0.0,0.0,0.0,22.23,13.3,-3.39,-50.65
128820,대성산업,기타,5060.0,-3.76,0.3,0.0,0.0,0.0,22.89,21.63,22.52,-20.69
900140,엘브이엠씨홀딩스,기타,1168.0,166.86,0.44,0.26,641.77,0.0,22.57,-3.87,-5.04,-33.56
067080,대화제약,기타,12180.0,136.85,2.88,2.1,65.17,0.0,22.68,10.63,42.46,-16.35
134380,미원화학,기타,10260.0,0.0,0.0,0.0,0.0,0.0,22.56,-0.29,4.69,-21.2
215000,골프존,기타,35900.0,8.79,0.49,5.57,1.58,0.0,22.53,-1.24,-7.24,-26.66
256840,한국비엔씨,기타,3255.0,77.5,0.95,1.23,63.01,0.0,22.26,20.78,35.62,-8.95
237880,클리오,기타,12490.0,16.63,0.9,5.41,3.07,0.0,22.57,2.71,11.92,-2.73
064550,바이오니아,기타,8610.0,-78.99,1.06,0.0,0.0,0.0,22.22,-18.47,39.55,-9.65
216080,제테마,기타,6010.0,-32.66,3.31,0.0,0.0,0.0,22.41,-8.66,31.37,-0.17
065710,서호전기,기타,43050.0,10.69,2.38,22.26,0.48,0.0,22.17,-6.82,-1.26,-2.27
365270,큐라클,기타,10140.0,0.0,0.0,0.0,0.0,0.0,22.47,2.32,6.29,-32.98
053690,한미글로벌,기타,20100.0,11.88,0.94,7.91,1.5,0.0,22.02,-16.94,23.24,-21.02
176750,듀켐바이오,기타,7730.0,33.9,4.45,13.13,2.58,0.0,22.02,23.88,29.48,-14.3
000050,경방,기타,8030.0,4.65,0.26,5.59,0.83,0.0,22.01,-1.83,0.25,-13.38
092200,디아이씨,기타,5700.0,-21.03,1.56,0.0,0.0,0.0,22.17,-1.89,41.97,-34.86
005010,휴스틸,기타,3930.0,-14.66,0.21,0.0,0.0,0.0,22.08,1.55,6.79,-27.49
028100,동아지질,기타,19510.0,13.96,1.05,7.52,1.86,0.0,21.89,8.87,23.32,21.03
293780,압타바이오,기타,7860.0,-12.95,4.68,0.0,0.0,0.0,22.08,22.81,86.92,8.86
094480,갤럭시아머니트리,기타,5600.0,26.42,1.85,7.0,3.77,0.0,21.97,-5.88,19.15,-27.08
023760,한국캐피탈,기타,1407.0,2.21,0.29,13.12,0.17,0.0,22.2,0.43,1.22,-22.78
405100,큐알티,기타,17790.0,75.7,2.33,3.08,24.58,0.0,21.86,25.99,72.89,-7.44
078150,HB테크놀러지,기타,2295.0,7.5,0.72,9.6,0.78,0.0,21.78,19.59,20.03,-49.39
382900,범한퓨얼셀,기타,24800.0,136.26,1.32,0.97,140.47,0.0,21.73,33.76,54.9,-24.04
000540,흥국화재,기타,3405.0,2.08,0.29,13.94,0.15,0.0,21.87,-8.71,12.19,-14.12
025560,미래산업,기타,7900.0,16.53,1.44,8.71,1.9,0.0,21.95,27.42,-5.39,134.98
190510,나무가,기타,15500.0,9.12,1.27,13.93,0.65,0.0,21.83,-5.95,27.57,-16.22
003720,삼영,기타,6440.0,16.64,2.48,14.9,1.12,0.0,21.9,4.21,11.23,-50.08
126730,코칩,기타,24550.0,73.28,3.51,4.79,15.3,0.0,21.53,19.76,73.62,30.03
095500,미래나노텍,기타,6990.0,15.67,0.66,4.21,3.72,0.0,21.68,2.79,-3.59,-28.01
018310,삼목에스폼,기타,14930.0,21.45,0.33,1.54,13.93,0.0,21.95,8.19,0.95,-16.08
382800,지앤비에스 에코,기타,7010.0,35.23,1.89,5.36,6.57,0.0,22.31,37.99,57.88,-22.2
241520,DSC인베스트먼트,기타,8150.0,12.79,1.67,13.06,0.98,0.0,21.68,1.75,1.75,-46.45
009680,모토닉,기타,10050.0,10.62,0.45,4.24,2.5,0.0,21.84,-3.46,4.25,-5.46
206640,바디텍메드,기타,9980.0,9.86,0.92,9.33,1.06,0.0,21.86,2.36,-8.94,-10.97
034120,SBS,기타,11730.0,27.09,0.17,0.63,43.0,0.0,21.76,-3.22,-3.85,-22.11
475400,씨메스로보틱스,기타,18250.0,-12.68,3.62,0.0,0.0,0.0,21.55,2.53,12.79,-42.7
000490,대동,기타,7550.0,-11.8,0.42,0.0,0.0,0.0,21.76,-7.13,12.86,-27.96
125020,티씨머티리얼즈,기타,6030.0,32.42,3.62,11.17,2.9,0.0,21.13,-3.83,35.05,-12.48
065680,우주일렉트로,기타,23750.0,10.23,0.73,7.14,1.43,0.0,21.47,1.5,-11.38,-45.15
053300,한국정보인증,기타,5370.0,8.7,1.05,12.07,0.72,0.0,21.25,6.13,32.59,-11.09
053030,바이넥스,기타,6580.0,-66.46,1.12,0.0,0.0,0.0,21.51,-3.24,-4.64,-35.87
003650,미창석유,기타,122200.0,4.04,0.49,12.13,0.33,0.0,21.26,-6.57,-10.67,1.83
045390,대아티아이,기타,3000.0,10.34,1.37,13.25,0.78,0.0,21.14,-19.03,18.11,-27.71
035510,신세계 I&C,기타,15080.0,7.66,0.46,6.01,1.27,0.0,21.08,8.57,22.01,-21.38
077500,유니퀘스트,기타,9700.0,10.16,0.85,8.37,1.21,0.0,20.95,35.29,75.09,32.88
475560,더본코리아,기타,14200.0,-12.04,0.85,0.0,0.0,0.0,21.06,-7.97,-1.32,-26.84
452450,피아이이,기타,5730.0,-9.15,3.66,0.0,0.0,0.0,20.64,36.92,87.56,-13.44
005710,대원산업,기타,10420.0,2.72,0.36,13.24,0.21,0.0,20.88,-2.71,1.96,-20.76
263860,지니언스,기타,23050.0,27.91,3.21,11.5,2.43,0.0,20.93,51.05,91.92,48.71
005160,동국산업,기타,3855.0,-20.95,0.54,0.0,0.0,0.0,20.91,52.37,70.2,18.62
307180,아이엘,기타,5690.0,-14.41,8.82,0.0,0.0,0.0,21.01,-0.52,40.15,-34.52
019010,베뉴지,기타,4225.0,2.17,0.43,19.82,0.11,0.0,20.36,-9.14,-6.11,-30.51
217730,강스템바이오텍,기타,2230.0,-15.93,3.05,0.0,0.0,0.0,20.97,0.22,-5.71,-37.18
033920,무학,기타,7300.0,4.13,0.32,7.75,0.53,0.0,20.81,-5.56,-1.22,-15.02
000320,노루홀딩스,기타,15690.0,6.55,0.33,5.04,1.3,0.0,20.85,-9.15,-1.32,-23.65
380540,옵티코어,기타,8450.0,-8.2,8.94,0.0,0.0,0.0,20.67,0.0,0.0,0.0
126600,BGF에코머티리얼즈,기타,3565.0,15.99,0.54,3.38,4.73,0.0,22.38,21.88,24.65,-6.43
481070,에이유브랜즈,기타,14410.0,23.43,2.98,12.72,1.84,0.0,20.7,-14.43,-4.0,-15.93
035150,백산,기타,10380.0,6.53,0.82,12.56,0.52,0.0,20.52,-4.95,5.27,-5.98
950170,JTC,기타,4300.0,45.74,1.29,2.82,16.22,0.0,20.97,-2.27,-11.7,-10.51
003555,LG우,기타,68100.0,0.0,0.0,0.0,0.0,0.0,20.51,-4.76,6.41,-7.72
459510,나우로보틱스,기타,15710.0,0.0,0.0,0.0,0.0,0.0,20.39,7.31,24.68,-42.66
088260,이리츠코크렙,기타,3230.0,30.19,0.97,3.21,9.4,0.0,20.46,1.25,-5.42,-26.92
014940,오리엔탈정공,기타,4485.0,10.68,1.63,15.26,0.7,0.0,20.44,-3.03,4.18,-36.47
462860,더즌,기타,2785.0,17.63,2.73,15.48,1.14,0.0,19.99,-17.11,49.89,-16.49
058970,엠로,기타,16500.0,69.33,2.14,3.09,22.44,0.0,20.4,2.17,9.63,-42.91
000480,CR홀딩스,기타,4330.0,-7.4,0.32,0.0,0.0,0.0,20.3,-3.88,-11.54,-10.17
037270,YG PLUS,기타,3145.0,8.91,1.06,11.9,0.75,0.0,20.02,-0.94,-4.7,-30.95
036190,금화피에스시,기타,33500.0,6.57,0.51,7.76,0.85,0.0,20.1,-2.05,4.2,-7.84
314930,바이오다인,기타,6680.0,230.34,4.47,1.94,118.73,0.0,19.88,-5.78,-22.14,-40.88
004980,성신양회,기타,8110.0,7.88,0.34,4.31,1.83,0.0,19.88,-4.48,-8.05,-21.87
049430,코메론,기타,21750.0,8.72,0.77,8.83,0.99,0.0,19.68,0.0,11.48,18.85
298000,효성화학,기타,51800.0,0.5,0.53,106.0,0.0,0.0,19.64,-9.12,-19.19,-33.42
051905,LG생활건강우,기타,93900.0,0.0,0.0,0.0,0.0,0.0,19.68,-10.49,2.07,-15.71
000390,SP삼화,기타,7160.0,25.39,0.56,2.21,11.49,0.0,19.48,10.32,21.77,-12.68
036170,에이치엠넥스,기타,3200.0,17.98,1.43,7.95,2.26,0.0,19.64,43.82,10.54,-60.35
119610,인터로조,기타,16780.0,16.83,1.36,8.08,2.08,0.0,19.15,18.59,6.95,-15.12
339770,교촌에프앤비,기타,3915.0,11.15,1.04,9.33,1.2,0.0,19.56,3.03,6.39,-6.23
234690,녹십자웰빙,기타,10760.0,19.08,1.69,8.86,2.15,0.0,19.33,6.01,41.02,3.16
003520,영진약품,기타,1070.0,152.86,2.18,1.43,106.9,0.0,19.57,-3.43,-8.15,-31.01
117580,대성에너지,기타,7100.0,11.31,0.59,5.22,2.17,0.0,19.53,-0.14,1.28,-13.83
095570,AJ네트웍스,기타,4295.0,6.84,0.42,6.14,1.11,0.0,19.44,3.0,1.42,-7.24
353810,이지바이오,기타,5850.0,7.01,1.81,25.82,0.27,0.0,19.35,-5.03,-2.82,-18.98
199430,케이엔알시스템,기타,17120.0,-22.01,8.23,0.0,0.0,0.0,19.17,-10.79,66.54,-28.96
100250,진양홀딩스,기타,3015.0,9.63,0.47,4.88,1.97,0.0,19.27,-5.04,0.17,0.67
102940,코오롱생명과학,기타,14660.0,7.33,0.32,4.37,1.68,0.0,19.19,-1.01,-63.87,-77.5
194700,노바렉스,기타,10630.0,5.63,0.75,13.32,0.42,0.0,19.4,1.24,-19.29,-25.97
041920,메디아나,기타,10290.0,36.23,1.4,3.86,9.39,0.0,19.14,21.06,10.65,-44.94
053210,스카이라이프,기타,4045.0,27.71,0.35,1.26,21.99,0.0,19.22,-1.46,-2.65,-11.0
080720,한국유니온제약,기타,2410.0,-0.21,-0.25,0.0,0.0,0.0,19.24,0.0,0.0,0.0
039570,HDC랩스,기타,7420.0,15.72,0.64,4.07,3.86,0.0,19.26,-1.85,-2.5,-7.02
388050,지투파워,기타,10080.0,33.94,4.48,13.2,2.57,0.0,18.86,-3.63,44.41,-27.69
355150,코스텍시스,기타,23900.0,-103.02,7.29,0.0,0.0,0.0,18.64,24.35,26.72,-57.7
163730,핑거,기타,14850.0,464.06,2.99,0.64,725.09,0.0,18.96,58.15,61.94,-37.21
102460,이연제약,기타,10120.0,-6.35,0.84,0.0,0.0,0.0,18.81,1.81,2.64,-10.04
013580,계룡건설,기타,21450.0,1.92,0.2,10.42,0.18,0.0,19.16,-2.5,10.0,-18.29
005960,동부건설,기타,8350.0,3.71,0.35,9.43,0.39,0.0,19.16,8.72,17.77,-0.71
001130,대한제분,기타,11210.0,-7.5,0.18,0.0,0.0,0.0,18.94,-3.61,1.72,-28.37
016580,환인제약,기타,10180.0,13.93,0.45,3.23,4.31,0.0,18.93,-1.93,3.98,-10.86
013120,동원개발,기타,2090.0,7.26,0.18,2.48,2.93,0.0,18.98,-2.56,-15.04,-20.53
464080,에스오에스랩,기타,10410.0,-14.46,5.76,0.0,0.0,0.0,18.75,1.66,17.36,-36.1
143240,사람인,기타,17500.0,2.23,0.69,30.94,0.07,0.0,18.78,4.04,12.61,9.03
066620,국보디자인,기타,24800.0,4.69,0.52,11.09,0.42,0.0,18.6,-3.88,1.85,3.12
001630,종근당홀딩스,기타,37550.0,4.65,0.28,6.02,0.77,0.0,18.81,-3.35,-2.34,-19.16
372170,윤성에프앤씨,기타,23350.0,-9.73,1.05,0.0,0.0,0.0,18.63,4.24,51.62,-23.44
086670,비엠티,기타,18890.0,9.32,1.26,13.52,0.69,0.0,18.75,13.66,29.56,19.78
036560,KZ정밀,기타,11970.0,9.82,0.39,3.97,2.47,0.0,18.85,-2.05,5.37,-11.2
487570,HS효성,기타,50300.0,9.56,0.36,3.77,2.54,0.0,18.74,2.97,14.58,-19.78
016790,현대사료,기타,994.0,43.22,2.45,5.67,7.62,0.0,18.73,0.0,0.0,0.0
102260,동성케미컬,기타,3695.0,5.63,0.4,7.1,0.79,0.0,18.72,-0.4,6.18,-10.86
304100,솔트룩스,기타,14820.0,-16.75,2.65,0.0,0.0,0.0,18.66,-3.07,32.56,-28.41
394800,쓰리빌리언,기타,5910.0,-34.56,7.95,0.0,0.0,0.0,18.81,20.86,8.64,-47.88
083930,아바코,기타,12670.0,6.53,0.82,12.56,0.52,0.0,18.6,9.79,26.2,-12.56
051160,지어소프트,기타,13590.0,16.65,1.27,7.63,2.18,0.0,18.32,38.11,90.87,88.75
052330,코텍,기타,10410.0,6.29,0.37,5.88,1.07,0.0,18.49,-12.37,-9.08,-15.84
187870,디바이스,기타,13360.0,10.87,1.12,10.3,1.06,0.0,18.52,26.52,1.91,-37.86
126700,하이비젼시스템,기타,12410.0,-10.87,0.64,0.0,0.0,0.0,18.54,9.44,36.67,-27.3
042510,라온시큐어,기타,16350.0,54.14,3.29,6.08,8.9,0.0,18.16,88.58,130.93,24.62
034810,해성산업,기타,5860.0,-8.28,0.25,0.0,0.0,0.0,18.51,-3.62,-8.29,-20.81
260870,SK시그넷,기타,8130.0,-0.49,-1.15,0.0,0.0,0.0,18.52,0.37,19.73,-16.19
000520,삼일제약,기타,8440.0,-5.28,1.34,0.0,0.0,0.0,18.31,34.39,38.36,-3.76
003220,대원제약,기타,8200.0,-132.26,0.66,0.0,0.0,0.0,18.39,2.5,3.02,-15.98
214180,헥토이노베이션,기타,14110.0,6.06,0.8,13.2,0.46,0.0,18.33,-2.96,7.46,-27.57
230240,에치에프알,기타,13830.0,-601.3,1.26,0.0,0.0,0.0,18.41,15.44,-11.23,-61.64
484810,티엑스알로보틱스,기타,11930.0,36.71,4.91,13.38,2.74,0.0,18.43,-12.73,40.35,-32.83
003547,대신증권2우B,기타,19050.0,0.0,0.0,0.0,0.0,0.0,18.3,-3.4,-0.47,-13.01
082800,비보존 제약,기타,3055.0,-5.02,2.22,0.0,0.0,0.0,18.55,-3.78,21.96,7.76
033530,SJG세종,기타,6790.0,2.75,0.35,12.73,0.22,0.0,18.37,-1.45,15.87,-12.05
308430,셀비온,기타,13800.0,-21.4,5.97,0.0,0.0,0.0,17.81,5.67,-4.96,-50.98
138610,나이벡,기타,16040.0,0.0,0.0,0.0,0.0,0.0,18.23,5.87,3.22,-29.34
068790,DMS,기타,8250.0,1.49,0.43,28.86,0.05,0.0,18.3,23.13,31.79,4.83
024060,흥구석유,기타,12350.0,301.22,2.33,0.77,391.19,0.0,18.53,9.97,14.56,-20.93
403850,더핑크퐁컴퍼니,기타,12640.0,8.8,0.98,11.14,0.79,0.0,18.14,-2.77,15.96,-16.73
251370,와이엠티,기타,10120.0,-100.2,0.92,0.0,0.0,0.0,18.23,42.94,9.88,-37.38
094820,일진파워,기타,12090.0,9.82,1.24,12.63,0.78,0.0,18.23,1.77,8.92,-37.29
220100,퓨쳐켐,기타,7170.0,-17.88,3.7,0.0,0.0,0.0,18.51,6.22,2.53,-48.47
260970,에스앤디,기타,63000.0,12.06,2.68,22.22,0.54,0.0,18.22,20.92,24.26,18.87
084990,헬릭스미스,기타,3920.0,-435.56,1.27,0.0,0.0,0.0,18.07,31.54,5.52,-49.29
318060,그래피,기타,16050.0,-13.5,8.48,0.0,0.0,0.0,17.97,-10.54,-8.49,-41.85
054210,이랜텍,기타,7150.0,7.81,0.66,8.45,0.92,0.0,18.08,2.14,6.56,-38.94
012860,모베이스전자,기타,2455.0,9.03,0.73,8.08,1.12,0.0,17.98,8.87,10.34,-59.29
004560,현대비앤지스틸,기타,11880.0,12.17,0.35,2.88,4.23,0.0,17.91,1.63,11.24,-26.62
000140,하이트진로홀딩스,기타,7720.0,-70.83,0.3,0.0,0.0,0.0,17.92,-3.62,-4.34,-11.87
488280,에스투더블유,기타,16260.0,-29.04,7.49,0.0,0.0,0.0,17.6,69.38,70.26,-33.9
009470,삼화전기,기타,27000.0,18.92,1.9,10.04,1.88,0.0,17.86,17.14,11.34,-32.92
478340,나라스페이스테크놀로지,기타,15290.0,-12.81,-3.34,0.0,0.0,0.0,17.75,51.84,35.31,-49.79
192440,슈피겐코리아,기타,28400.0,6.08,0.31,5.1,1.19,0.0,17.65,-6.43,0.71,5.97
002420,우양피앤엘,기타,5750.0,-11.32,1.31,0.0,0.0,0.0,17.92,-1.88,13.41,11.87
357550,석경에이티,기타,32500.0,46.7,4.01,8.59,5.44,0.0,17.73,-1.52,-6.74,-41.34
088800,에이스테크,기타,2340.0,-6.19,2.56,0.0,0.0,0.0,17.67,32.13,40.54,-46.64
015230,대창단조,기타,6620.0,6.57,0.52,7.91,0.83,0.0,17.97,0.76,16.34,-3.22
264850,이랜시스,기타,5820.0,41.57,3.27,7.87,5.28,0.0,17.63,3.56,56.87,-29.28
003610,방림,기타,5480.0,33.41,0.98,2.93,11.4,0.0,17.6,0.18,6.41,2.43
084850,아이티엠반도체,기타,7640.0,-1.85,1.67,0.0,0.0,0.0,17.33,-8.61,-14.25,-53.16
007860,서연,기타,7480.0,3.14,0.18,5.73,0.55,0.0,17.56,-3.48,0.13,-15.86
377190,디앤디플랫폼리츠,기타,1999.0,28.97,0.48,1.66,17.45,0.0,17.67,-8.51,1.68,-28.61
002100,경농,기타,9020.0,9.45,0.61,6.46,1.46,0.0,17.61,-3.32,-0.77,-8.8
046120,오르비텍,기타,5140.0,177.24,2.25,1.27,139.56,0.0,17.4,10.3,6.97,-49.95
123330,제닉,기타,21800.0,9.2,4.16,45.22,0.2,0.0,17.37,-23.1,-21.86,-3.75
086820,바이오솔루션,기타,6720.0,610.91,5.08,0.83,736.04,0.0,17.42,5.0,19.57,-31.36
119830,아이텍,기타,6500.0,-30.81,0.88,0.0,0.0,0.0,17.25,6.91,18.18,-3.85
039860,나노엔텍,기타,4550.0,96.81,1.89,1.95,49.65,0.0,17.33,10.04,26.74,-21.28
000300,DH오토넥스,기타,4200.0,37.5,4.81,12.83,2.92,0.0,17.4,0.0,0.0,0.0
489460,바이오비쥬,기타,11840.0,39.73,2.88,7.25,5.48,0.0,17.47,10.04,90.97,69.87
270660,에브리봇,기타,13460.0,-13.25,2.74,0.0,0.0,0.0,17.08,-4.88,30.93,-23.39
234080,JW생명과학,기타,10940.0,6.05,0.77,12.73,0.48,0.0,17.32,-1.53,-2.06,-11.92
108380,대양전기공업,기타,18130.0,7.0,0.62,8.86,0.79,0.0,17.35,-2.74,13.67,-35.48
000700,유수홀딩스,기타,6570.0,37.33,0.51,1.37,27.25,0.0,17.11,0.0,15.67,10.61
013990,아가방컴퍼니,기타,5250.0,14.96,0.81,5.41,2.77,0.0,17.27,10.99,54.41,5.0
149950,아바텍,기타,12380.0,21.72,1.19,5.48,3.96,0.0,16.92,37.86,37.86,-7.75
199820,제일일렉트릭,기타,7730.0,25.94,1.09,4.2,6.18,0.0,17.18,4.88,10.27,-53.01
042420,네오위즈홀딩스,기타,20950.0,5.31,0.37,6.97,0.76,0.0,17.06,-12.34,-1.64,5.65
016450,한세예스24홀딩스,기타,4300.0,-5.2,0.37,0.0,0.0,0.0,17.2,-3.04,0.35,-2.05
264450,유비쿼스,기타,11600.0,7.17,0.87,12.13,0.59,0.0,17.01,13.28,22.62,-22.97
104480,티케이케미칼,기타,1894.0,-1.54,0.16,0.0,0.0,0.0,17.22,8.17,26.52,-16.56
014710,사조씨푸드,기타,9950.0,-6.08,0.83,0.0,0.0,0.0,17.13,-8.72,13.07,30.24
274090,켄코아에어로스페이스,기타,12180.0,-10.3,1.0,0.0,0.0,0.0,16.78,26.09,19.88,-42.41
143160,아이디스,기타,15990.0,10.05,0.65,6.47,1.55,0.0,17.14,-0.81,7.17,-7.25
158430,아톤,기타,6760.0,107.3,1.59,1.48,72.5,0.0,16.55,45.69,83.7,-11.17
418550,제이오,기타,5260.0,-22.58,0.92,0.0,0.0,0.0,16.84,11.77,25.18,-50.38
092130,이크레더블,기타,14190.0,13.27,4.0,30.14,0.44,0.0,17.09,-1.87,-0.42,-1.8
213500,한솔제지,기타,7130.0,43.74,0.24,0.55,79.53,0.0,16.97,-5.56,8.52,-5.19
290690,아리바이오홀딩스,기타,3175.0,-3.36,1.93,0.0,0.0,0.0,16.85,-24.49,-30.6,0.47
194480,데브시스터즈,기타,13990.0,16.21,0.92,5.68,2.85,0.0,17.02,-13.8,-19.46,-24.78
032620,GC메디아이,기타,3220.0,4.55,1.16,25.49,0.18,0.0,16.81,4.72,8.78,-15.71
445180,퓨릿,기타,9720.0,0.0,0.0,0.0,0.0,0.0,16.71,21.8,30.82,-10.0
003460,유화증권,기타,2995.0,12.48,0.41,3.29,3.79,0.0,16.98,-2.44,-2.6,-13.69
092070,디엔에프,기타,14500.0,0.0,0.0,0.0,0.0,0.0,16.78,19.83,18.46,-38.69
002150,도화엔지니어링,기타,4985.0,22.97,0.65,2.83,8.12,0.0,16.81,-6.82,0.61,-22.23
245620,EDGC,기타,741.0,0.61,-0.76,-124.59,0.0,0.0,16.71,0.0,0.0,0.0
090350,노루페인트,기타,8320.0,10.35,0.41,3.96,2.61,0.0,16.64,3.61,13.2,2.46
432720,퀄리타스반도체,기타,11610.0,0.0,0.0,0.0,0.0,0.0,16.47,31.63,40.22,-49.19
051370,인터플렉스,기타,7130.0,5.06,0.54,10.67,0.47,0.0,16.63,11.23,8.52,-41.75
388790,라이콤,기타,5290.0,0.0,0.0,0.0,0.0,0.0,16.19,26.71,7.85,-2.04
038390,레드캡투어,기타,9980.0,7.05,0.83,11.77,0.6,0.0,16.69,-0.6,0.0,-6.73
086890,이수앱지스,기타,4040.0,0.0,0.0,0.0,0.0,0.0,16.47,18.48,18.13,-1.82
049630,재영솔루텍,기타,7050.0,15.99,1.61,10.07,1.59,0.0,16.47,-0.14,13.89,-45.77
950140,잉글우드랩,기타,8230.0,6.59,0.99,15.02,0.44,0.0,16.35,-3.86,-4.63,-30.78
122990,와이솔,기타,6400.0,-4.26,0.58,0.0,0.0,0.0,16.41,2.73,8.11,-13.98
255220,SG,기타,1085.0,-54.25,1.07,0.0,0.0,0.0,16.34,-9.66,-22.22,-50.43
039830,오로라,기타,15080.0,7.45,0.83,11.14,0.67,0.0,16.23,-0.98,-19.87,-12.53
000860,강남제비스코,기타,12480.0,-60.29,0.26,0.0,0.0,0.0,16.22,-3.93,-2.19,-17.62
065660,안트로젠,기타,16250.0,-68.86,1.43,0.0,0.0,0.0,16.26,5.93,8.12,-48.08
241590,화승엔터프라이즈,기타,2655.0,-5.57,0.35,0.0,0.0,0.0,16.09,-7.65,-12.81,-40.0
001780,알루코,기타,1680.0,10.5,0.5,4.76,2.21,0.0,16.27,4.48,3.77,-39.82
417030,니어스랩,기타,27500.0,-6.64,-0.6,0.0,0.0,0.0,15.89,-11.43,-4.01,-4.01
289080,SV인베스트먼트,기타,2690.0,-149.44,2.09,0.0,0.0,0.0,16.18,14.47,54.15,-30.22
101530,해태제과식품,기타,5530.0,6.91,0.48,6.95,0.99,0.0,16.1,-0.72,0.91,-11.09
067290,JW신약,기타,2870.0,10.29,3.94,38.29,0.27,0.0,16.08,-19.83,96.17,65.42
402030,코난테크놀로지,기타,12820.0,-11.0,7.65,0.0,0.0,0.0,16.05,-6.49,16.55,-31.74
066410,버킷스튜디오,기타,1153.0,-3.57,1.21,0.0,0.0,0.0,15.96,0.0,0.0,0.0
032940,원익,기타,8690.0,13.75,0.56,4.07,3.38,0.0,15.81,-12.13,63.65,-9.67
004380,삼익THK,기타,7690.0,-3.58,1.01,0.0,0.0,0.0,15.92,-5.3,-1.28,-32.9
460850,동국씨엠,기타,5260.0,-2.97,0.16,0.0,0.0,0.0,15.73,0.19,14.72,-13.63
123410,코리아에프티,기타,5650.0,3.58,0.6,16.76,0.21,0.0,15.73,-4.56,7.21,-15.42
204610,티쓰리,기타,2840.0,10.33,1.55,15.0,0.69,0.0,15.83,-13.55,-5.49,-9.7
093190,빅솔론,기타,8220.0,8.63,0.6,6.95,1.24,0.0,15.81,-3.97,5.52,-2.61
226590,엠디바이스,기타,14680.0,14.21,3.3,23.22,0.61,0.0,15.73,21.22,24.94,-40.33
078070,유비쿼스홀딩스,기타,9280.0,8.12,0.58,7.14,1.14,0.0,15.83,7.04,15.71,-36.04
072870,메가스터디,기타,13050.0,5.7,0.44,7.72,0.74,0.0,15.56,-1.06,-2.03,2.19
494120,큐리오시스,기타,10350.0,-17.22,5.59,0.0,0.0,0.0,15.79,18.15,-14.49,-61.82
000020,동화약품,기타,5530.0,17.78,0.4,2.25,7.9,0.0,15.45,5.94,11.27,-5.63
093640,케이알엠,기타,4780.0,-11.09,2.21,0.0,0.0,0.0,15.7,5.05,45.95,-11.48
475040,스트라드비젼,기타,2905.0,-2.03,5.3,0.0,0.0,0.0,15.64,3.38,-35.37,-59.65
041020,폴라리스오피스,기타,3175.0,32.4,1.77,5.46,5.93,0.0,15.77,5.31,12.79,-26.5
002170,SYTS,기타,52000.0,6.51,0.3,4.61,1.41,0.0,15.6,-2.44,-3.53,-13.04
011040,경동제약,기타,5090.0,18.38,0.62,3.37,5.45,0.0,15.66,-1.36,2.21,-5.21
023910,대한약품,기타,25800.0,0.0,0.0,0.0,0.0,0.0,15.48,-3.55,1.18,-7.03
041520,이엘씨,기타,12730.0,18.78,0.86,4.58,4.1,0.0,15.52,8.25,56.77,8.43
267320,나인테크,기타,2660.0,-8.13,1.66,0.0,0.0,0.0,15.27,22.02,33.13,-20.0
067280,멀티캠퍼스,기타,25900.0,5.86,0.67,11.43,0.51,0.0,15.35,9.05,8.82,-2.45
400760,NH올원리츠,기타,2810.0,-85.15,0.81,0.0,0.0,0.0,15.44,0.36,-4.26,-7.87
007570,일양약품,기타,7970.0,22.51,0.62,2.75,8.19,0.0,15.21,-4.32,-4.21,-20.06
417500,제이아이테크,기타,4660.0,22.62,1.94,8.58,2.64,0.0,15.28,12.97,50.08,-4.61
123860,아나패스,기타,12760.0,8.18,2.13,26.04,0.31,0.0,15.47,-5.62,-3.84,-26.92
413630,씨피시스템,기타,4185.0,78.96,3.51,4.45,17.74,0.0,15.25,2.57,110.09,18.22
474650,링크솔루션,기타,26500.0,-46.41,5.55,0.0,0.0,0.0,15.25,6.0,10.19,-51.99
054450,텔레칩스,기타,10140.0,-2.49,1.05,0.0,0.0,0.0,15.36,7.3,0.6,-40.14
101360,에코앤드림,기타,8430.0,-17.42,0.69,0.0,0.0,0.0,14.99,3.06,16.6,-49.61
179290,엠아이텍,기타,4720.0,7.52,1.21,16.09,0.47,0.0,15.28,-7.63,9.64,-23.87
102120,어보브반도체,기타,8520.0,14.97,1.18,7.88,1.9,0.0,15.15,23.66,18.5,-34.76
462520,조선내화,기타,12810.0,68.14,0.69,1.01,67.47,0.0,15.19,-0.77,-15.94,-9.85
271980,제일약품,기타,10250.0,6.45,0.71,11.01,0.59,0.0,15.07,-2.38,0.79,-22.52
118990,모트렉스,기타,6160.0,20.67,0.6,2.9,7.13,0.0,15.12,-0.65,17.11,-32.82
024800,유성티엔에스,기타,4240.0,2.86,0.27,9.44,0.3,0.0,14.94,-10.92,1.44,-11.94
156100,엘앤케이바이오,기타,6800.0,-8.49,3.26,0.0,0.0,0.0,15.2,33.6,49.94,10.57
396300,HT로보틱스,기타,5720.0,59.58,2.08,3.49,17.07,0.0,15.15,10.42,98.27,-5.45
322310,오로스테크놀로지,기타,15900.0,-23.18,2.31,0.0,0.0,0.0,14.89,25.69,-6.69,-50.54
293480,하나제약,기타,8520.0,7.12,0.47,6.6,1.08,0.0,15.14,0.24,1.31,-8.09
007330,푸른저축은행,기타,9990.0,0.0,0.0,0.0,0.0,0.0,15.07,-1.09,-2.92,-13.13
080160,모두투어,기타,8060.0,10.51,1.59,15.13,0.69,0.0,15.23,-11.72,-1.47,-22.57
001045,CJ우,기타,66500.0,0.0,0.0,0.0,0.0,0.0,15.03,-4.18,3.26,-22.4
950250,테라뷰,기타,4130.0,-15.24,4.61,0.0,0.0,0.0,14.74,78.02,72.8,-26.51
220260,켐트로스,기타,4680.0,0.0,0.0,0.0,0.0,0.0,15.01,23.48,43.78,-14.44
052260,현대바이오랜드,기타,5130.0,641.25,1.13,0.18,3562.5,0.0,15.39,29.38,48.48,20.99
307750,국전,기타,2830.0,-32.91,1.47,0.0,0.0,0.0,15.28,22.51,30.41,-19.14
101970,우양에이치씨,기타,10200.0,0.0,0.0,0.0,0.0,0.0,15.09,-3.41,-1.16,-21.54
054800,아이디스홀딩스,기타,14530.0,3.85,0.34,8.83,0.44,0.0,15.04,-3.77,4.01,-6.56
004090,한국석유,기타,11830.0,28.78,0.73,2.54,11.33,0.0,15.02,2.87,5.34,-19.3
054920,한컴위드,기타,5150.0,18.53,0.89,4.8,3.86,0.0,14.53,40.71,78.82,-26.64
013890,지누스,기타,6750.0,-8.11,0.23,0.0,0.0,0.0,14.8,-13.46,-23.73,-39.79
205500,넥써쓰,기타,1763.0,-31.48,3.5,0.0,0.0,0.0,14.73,-1.29,19.69,10.26
000970,한국주철관,기타,6480.0,8.71,0.39,4.48,1.94,0.0,14.77,-2.7,0.93,-6.09
272550,삼양패키징,기타,9900.0,8.62,0.39,4.52,1.91,0.0,14.92,0.51,15.93,-5.44
011785,금호석유화학우,기타,48800.0,0.0,0.0,0.0,0.0,0.0,14.75,-6.33,1.88,-17.43
146320,비씨엔씨,기타,11500.0,127.78,1.86,1.46,87.52,0.0,14.72,22.86,15.69,-32.23
042600,새로닉스,기타,11900.0,-4.69,1.64,0.0,0.0,0.0,14.78,3.21,28.93,-39.5
006805,미래에셋증권우,기타,10930.0,0.0,0.0,0.0,0.0,0.0,14.71,-9.44,-20.8,-50.21
069510,에스텍,기타,13510.0,3.54,0.48,13.56,0.26,0.0,14.74,3.13,12.4,-8.65
489500,엘케이켐,기타,22950.0,32.37,2.42,7.48,4.33,0.0,14.67,11.41,22.73,-29.28
008970,KBI동양철관,기타,1402.0,-40.06,1.03,0.0,0.0,0.0,14.55,22.66,26.65,-14.77
256940,킵스파마,기타,7340.0,-14.71,2.38,0.0,0.0,0.0,14.74,28.55,29.45,10.38
097955,CJ제일제당 우,기타,109500.0,0.0,0.0,0.0,0.0,0.0,14.54,-9.8,-9.2,-17.42
046440,KG파이낸셜,기타,4020.0,6.6,0.41,6.21,1.06,0.0,14.57,-4.96,1.64,-13.36
004150,한솔홀딩스,기타,3545.0,-236.33,0.26,0.0,0.0,0.0,14.54,-0.28,22.03,-7.68
141000,비아트론,기타,14670.0,16.52,0.82,4.96,3.33,0.0,17.77,68.23,78.9,24.01
016880,웅진,기타,1828.0,1.21,0.8,66.12,0.02,0.0,14.61,-9.73,-6.26,-28.31
147830,제룡산업,기타,7190.0,0.0,0.0,0.0,0.0,0.0,14.38,4.2,11.13,-38.07
142210,유니트론텍,기타,7030.0,11.05,1.05,9.5,1.16,0.0,14.59,16.58,33.14,-7.62
023600,삼보판지,기타,9010.0,5.39,0.24,4.45,1.21,0.0,14.42,-3.64,9.21,-6.83
105330,케이엔더블유,기타,9210.0,-25.65,1.2,0.0,0.0,0.0,14.75,37.26,51.73,-10.15
452190,한빛레이저,기타,6000.0,57.69,4.58,7.94,7.27,0.0,14.35,47.6,74.93,-25.65
115500,케이씨에스,기타,11870.0,0.0,0.0,0.0,0.0,0.0,14.24,34.73,48.75,-30.75
012610,경인양행,기타,3460.0,25.44,0.59,2.32,10.97,0.0,14.4,10.02,18.29,-34.35
049960,쎌바이오텍,기타,15230.0,14.14,0.79,5.59,2.53,0.0,14.32,-3.24,2.56,-9.83
232680,라온로보틱스,기타,10840.0,36.75,3.62,9.85,3.73,0.0,14.37,14.47,31.08,-35.97
003830,대한화섬,기타,107700.0,-57.35,0.2,0.0,0.0,0.0,14.3,-5.94,-0.28,-10.18
004970,신라교역,기타,8940.0,30.83,0.23,0.75,41.11,0.0,14.3,-4.18,-3.56,-4.89
469610,이노테크,기타,15930.0,14.35,2.29,15.96,0.9,0.0,14.25,3.37,20.32,-22.1
264660,씨앤지하이테크,기타,14740.0,7.34,0.97,13.22,0.56,0.0,14.33,12.95,22.83,-33.45
115310,인포바인,기타,9460.0,21.45,0.73,3.4,6.31,0.0,14.03,1.72,39.12,-22.46
321550,티움바이오,기타,4695.0,-8.04,3.61,0.0,0.0,0.0,14.1,-0.63,17.08,-59.1
212560,네오오토,기타,10360.0,0.0,0.0,0.0,0.0,0.0,13.97,-12.79,-4.95,-1.71
005990,매일홀딩스,기타,10470.0,4.38,0.3,6.85,0.64,0.0,13.92,-4.47,2.85,-4.12
089600,KT나스미디어,기타,12360.0,-22.15,0.7,0.0,0.0,0.0,14.1,-3.89,20.82,6.55
048870,시너지이노베이션,기타,1601.0,45.74,0.67,1.46,31.33,0.0,14.11,1.52,-3.96,-17.39
387690,레메디,기타,18570.0,23.9,10.74,44.94,0.53,0.0,14.16,2.37,-15.59,-15.59
015890,태경산업,기타,4825.0,8.41,0.46,5.47,1.54,0.0,14.1,1.05,5.35,-0.82
071840,롯데하이마트,기타,6030.0,-0.47,0.15,0.0,0.0,0.0,14.24,-4.44,-2.74,-12.99
114840,아이패밀리에스씨,기타,8460.0,6.71,1.38,20.57,0.33,0.0,14.11,-7.54,3.05,-10.57
025820,이구산업,기타,4185.0,11.1,1.03,9.28,1.2,0.0,14.0,-1.88,9.84,-29.55
071280,로체시스템즈,기타,9030.0,11.27,1.0,8.87,1.27,0.0,13.81,25.94,44.48,-5.05
008350,남선알미늄,기타,1069.0,38.18,0.49,1.28,29.83,0.0,13.8,1.14,3.38,-44.95
148150,세경하이테크,기타,3900.0,3.98,0.79,19.85,0.2,0.0,13.86,-4.18,32.65,-11.16
003480,한진중공업홀딩스,기타,4685.0,2.34,0.27,11.54,0.2,0.0,13.83,-1.16,2.85,-17.81
107590,미원홀딩스,기타,59200.0,5.25,0.47,8.95,0.59,0.0,13.73,-7.5,10.65,1.2
059120,아진엑스텍,기타,7420.0,0.0,0.0,0.0,0.0,0.0,13.59,4.21,58.55,-42.79
095700,제넥신,기타,3000.0,0.0,0.0,0.0,0.0,0.0,13.66,-1.8,29.87,-42.2
228850,레이언스,기타,8140.0,-25.6,0.54,0.0,0.0,0.0,13.51,15.13,37.27,28.8
265740,엔에프씨,기타,7780.0,0.0,0.0,0.0,0.0,0.0,13.9,19.51,50.78,12.27
011690,와이투솔루션,기타,3755.0,-14.33,1.39,0.0,0.0,0.0,13.78,16.61,28.16,-52.1
094280,효성ITX,기타,11840.0,9.53,1.88,19.73,0.48,0.0,13.68,-1.99,0.51,-5.73
037070,파세코,기타,6770.0,0.0,0.0,0.0,0.0,0.0,13.54,12.65,-0.15,-24.69
297090,씨에스베어링,기타,4985.0,12.1,1.35,11.16,1.08,0.0,13.59,20.7,34.01,-28.99
322510,제이엘케이,기타,5320.0,-9.98,3.26,0.0,0.0,0.0,13.69,14.53,26.52,-9.37
060150,인선이엔티,기타,2985.0,-12.7,0.42,0.0,0.0,0.0,13.6,-0.83,-9.82,-28.16
001080,만호제강,기타,3920.0,135.17,0.31,0.23,587.7,0.0,13.77,-2.0,-14.97,-24.9
081000,일진다이아,기타,9690.0,20.06,0.33,1.65,12.16,0.0,13.76,-0.41,9.99,-25.69
140670,알에스오토메이션,기타,10500.0,-26.72,2.3,0.0,0.0,0.0,13.48,0.86,16.93,-36.67
038290,마크로젠,기타,12360.0,66.1,0.85,1.29,51.24,0.0,13.4,1.06,5.64,-17.93
136540,윈스테크넷,기타,10930.0,7.29,0.63,8.64,0.84,0.0,13.42,0.83,8.43,-11.71
001360,삼성제약,기타,1424.0,-9.19,1.26,0.0,0.0,0.0,13.41,7.55,11.16,-21.33
014280,금강공업,기타,4595.0,-3.08,0.37,0.0,0.0,0.0,13.48,7.61,17.52,-12.97
321370,센서뷰,기타,1905.0,-6.13,7.47,0.0,0.0,0.0,13.45,70.7,24.92,-36.94
052860,아이앤씨,기타,7440.0,29.06,3.48,11.98,2.43,0.0,13.29,6.74,87.41,7.83
351320,넥사다이내믹스,기타,4330.0,-8.82,6.06,0.0,0.0,0.0,13.43,-0.12,332.57,182.08
018470,조일알미늄,기타,5240.0,60.23,3.32,5.51,10.93,0.0,13.27,7.71,18.28,-32.47
300080,플리토,기타,8090.0,20.69,7.76,37.51,0.55,0.0,13.37,-7.54,22.39,-25.37
003100,선광,기타,20300.0,3.39,0.3,8.85,0.38,0.0,13.4,-3.79,8.09,-23.97
240550,동방메디컬,기타,6390.0,11.17,1.08,9.67,1.16,0.0,13.38,9.23,13.9,-14.34
035610,솔본,기타,4880.0,6.4,0.63,9.84,0.65,0.0,13.34,1.77,26.75,37.85
004080,신흥,기타,14400.0,48.48,1.17,2.41,20.12,0.0,13.39,2.78,3.3,3.52
451760,컨텍,기타,8030.0,-16.56,1.42,0.0,0.0,0.0,13.26,14.71,-0.86,-61.94
001540,안국약품,기타,10170.0,17.72,0.7,3.95,4.49,0.0,13.26,-2.96,-7.04,27.12
285490,노바텍,기타,12750.0,7.61,0.75,9.86,0.77,0.0,13.48,8.23,15.7,-39.29
172670,에이엘티,기타,14750.0,-14.74,1.41,0.0,0.0,0.0,13.22,45.61,71.11,-22.29
039840,디오,기타,9760.0,-104.95,0.68,0.0,0.0,0.0,13.09,-13.24,-21.73,-39.04
126640,화신정공,기타,3740.0,51.94,1.25,2.41,21.55,0.0,13.11,-17.35,1.91,129.03
417010,나노팀,기타,6500.0,130.0,2.68,2.06,63.11,0.0,13.11,4.67,36.27,-40.15
047770,코데즈컴바인,기타,3475.0,29.7,1.87,6.3,4.71,0.0,13.15,-14.62,30.64,-13.99
457550,우진엔텍,기타,14130.0,0.0,0.0,0.0,0.0,0.0,13.17,5.13,-7.04,-45.34
009780,엠에스씨,기타,7540.0,5.77,0.7,12.13,0.48,0.0,13.27,8.65,24.01,8.49
214390,경보제약,기타,5430.0,27.99,0.89,3.18,8.8,0.0,12.98,-1.45,7.1,-14.76
140610,엔솔바이오사이언스,기타,9140.0,0.0,0.0,0.0,0.0,0.0,13.14,-9.42,-26.59,-30.65
072950,빛샘전자,기타,16050.0,17.11,1.55,9.06,1.89,0.0,12.92,91.99,121.07,-5.09
222040,코스맥스엔비티,기타,6270.0,-8.6,2.91,0.0,0.0,0.0,12.93,-27.18,-20.93,-12.31
408920,메쎄이상,기타,3070.0,8.55,1.63,19.06,0.45,0.0,13.27,-2.23,2.33,-10.63
049720,고려신용정보,기타,9060.0,9.77,2.06,21.08,0.46,0.0,12.96,-0.44,-3.62,-8.85
282880,코윈로보틱스,기타,11050.0,76.21,0.74,0.97,78.57,0.0,12.92,8.97,14.04,-30.72
411080,샌즈랩,기타,8190.0,-227.5,2.31,0.0,0.0,0.0,12.5,95.0,112.73,10.68
024090,디씨엠,기타,11360.0,0.0,0.0,0.0,0.0,0.0,12.95,-2.41,2.81,-7.57
402490,그린리소스,기타,7550.0,12.2,1.79,14.67,0.83,0.0,12.79,19.84,0.0,-60.01
094840,슈프리마에이치큐,기타,13170.0,10.31,0.53,5.14,2.01,0.0,12.91,10.12,11.89,13.53
211270,AP위성,기타,8510.0,12.32,1.14,9.25,1.33,0.0,12.84,2.78,7.59,-47.79
053260,금강철강,기타,6820.0,-2273.33,0.84,0.0,0.0,0.0,12.77,6.4,49.23,20.49
290720,푸드나무,기타,3240.0,43.78,3.18,7.26,6.03,0.0,12.36,19.56,3.35,-0.92
035080,그래디언트,기타,11450.0,-4.38,0.3,0.0,0.0,0.0,12.79,-3.62,25.14,6.02
013520,화승코퍼레이션,기타,2540.0,1.63,0.42,25.77,0.06,0.0,12.71,-2.12,-3.05,-20.38
037350,성도이엔지,기타,8380.0,4.6,0.43,9.35,0.49,0.0,12.75,13.09,7.3,-27.32
950190,고스트스튜디오,기타,9750.0,15.12,0.81,5.36,2.82,0.0,12.69,2.31,7.38,29.31
080420,모다이노칩,기타,1595.0,-27.5,0.35,0.0,0.0,0.0,12.72,-5.45,15.58,-11.04
004960,한신공영,기타,10880.0,2.1,0.15,7.14,0.29,0.0,12.59,-12.54,-2.68,-21.67
259630,엠플러스,기타,10240.0,6.06,1.19,19.64,0.31,0.0,12.52,8.94,8.7,-33.55
338840,와이바이오로직스,기타,8190.0,-18.96,6.66,0.0,0.0,0.0,12.62,-8.9,-21.55,-59.35
056090,시지메드텍,기타,6070.0,96.35,6.67,6.92,13.92,0.0,12.54,2.62,14.1,-28.59
036690,코맥스,기타,2885.0,-3.02,4.56,0.0,0.0,0.0,12.57,0.0,0.0,0.0
009070,KCTC,기타,4195.0,5.95,0.4,6.72,0.89,0.0,12.59,1.94,7.43,-20.85
079960,동양이엔피,기타,16610.0,2.64,0.28,10.61,0.25,0.0,12.54,-8.33,-14.82,-51.15
443670,에스피소프트,기타,5160.0,33.29,1.86,5.59,5.96,0.0,12.39,29.97,93.26,-3.19
078000,텔코웨어,기타,13550.0,20.28,0.62,3.06,6.63,0.0,12.52,1.04,6.27,-11.96
002210,동성제약,기타,1290.0,-4.64,0.52,0.0,0.0,0.0,12.46,-12.42,-33.71,-33.71
217950,파마리서치바이오,기타,29850.0,11.94,2.83,23.7,0.5,0.0,12.49,-3.24,-4.48,-14.47
299030,하나기술,기타,15640.0,-21.54,1.24,0.0,0.0,0.0,12.5,9.37,24.13,-38.91
166480,코아스템켐온,기타,2370.0,-3.63,2.06,0.0,0.0,0.0,12.53,8.47,24.87,-46.68
006060,화승인더,기타,2255.0,6.44,0.32,4.97,1.3,0.0,12.47,-7.58,-4.04,-31.46
361390,제노코,기타,12800.0,0.0,0.0,0.0,0.0,0.0,12.46,6.93,-6.09,-52.68
115440,우리넷,기타,11360.0,33.41,1.23,3.68,9.08,0.0,12.26,58.44,63.92,-32.62
092220,KEC,기타,3065.0,-4.63,0.38,0.0,0.0,0.0,12.31,16.76,-1.76,-66.65
039560,다산네트웍스,기타,2870.0,-15.86,0.43,0.0,0.0,0.0,12.31,20.59,21.1,-42.08
418420,라온텍,기타,4105.0,-19.0,7.49,0.0,0.0,0.0,12.63,3.27,10.95,-56.51
073010,케이에스피,기타,3100.0,19.02,1.49,7.83,2.43,0.0,12.46,10.91,15.67,-42.27
027710,팜스토리,기타,1109.0,4.11,0.43,10.46,0.39,0.0,12.36,-2.55,10.35,-19.17
267290,경동도시가스,기타,20800.0,3.73,0.26,6.97,0.54,0.0,12.26,-5.88,6.45,-6.31
458650,성우,기타,8150.0,25.79,0.55,2.13,12.11,0.0,12.26,5.03,1.75,-37.69
108230,톱텍,기타,3220.0,-8.3,0.31,0.0,0.0,0.0,12.24,-4.73,15.0,-18.79
009270,신원,기타,1072.0,-44.67,0.42,0.0,0.0,0.0,12.3,-5.13,3.78,-15.46
083500,에프엔에스테크,기타,14790.0,14.59,1.36,9.32,1.57,0.0,12.29,30.65,14.56,-21.91
210540,디와이파워,기타,10990.0,4.83,0.39,8.07,0.6,0.0,12.13,-5.18,0.27,-23.63
214420,토니모리,기타,5060.0,10.93,1.02,9.33,1.17,0.0,12.17,-3.62,-13.65,-29.03
089470,HDC현대EP,기타,3820.0,3.68,0.28,7.61,0.48,0.0,12.19,-1.93,2.69,-23.6
008830,대동기어,기타,6300.0,48.46,0.66,1.36,35.63,0.0,12.08,-2.17,-18.34,-51.14
293580,나우IB,기타,1285.0,21.07,1.17,5.55,3.8,0.0,12.2,-9.38,0.16,-48.6
474170,루미르,기타,6900.0,-92.0,2.01,0.0,0.0,0.0,12.29,10.22,4.07,-51.51
101170,우림피티에스,기타,8970.0,50.68,1.43,2.82,17.97,0.0,12.11,10.47,27.23,-46.54
053080,케이엔솔,기타,9290.0,-2.23,0.97,0.0,0.0,0.0,12.08,4.5,8.15,-36.33
308080,바이젠셀,기타,5850.0,-8.0,1.94,0.0,0.0,0.0,11.99,-11.9,5.6,-50.21
037560,LG헬로비전,기타,1548.0,67.3,0.26,0.39,172.56,0.0,11.99,-6.41,-0.13,-27.15
002620,제일파마홀딩스,기타,7630.0,8.33,0.37,4.44,1.88,0.0,12.19,0.26,14.22,-9.27
001520,동양,기타,1118.0,6.65,0.15,2.26,2.94,0.0,11.98,3.23,1.64,-22.25
095190,신화프리텍,기타,1880.0,-18.61,1.1,0.0,0.0,0.0,12.27,1.95,-5.48,-20.51
005800,신영와코루,기타,13600.0,19.51,0.31,1.59,12.27,0.0,12.24,0.22,10.03,-2.65
217190,제너셈,기타,8950.0,126.06,2.34,1.86,67.77,0.0,11.77,38.76,77.58,15.34
474610,RF시스템즈,기타,8180.0,0.0,0.0,0.0,0.0,0.0,11.79,18.38,36.11,-31.38
047310,파워로직스,기타,3280.0,-9.73,0.61,0.0,0.0,0.0,12.01,8.07,8.97,-33.94
002390,한독,기타,8780.0,-56.28,0.41,0.0,0.0,0.0,12.08,-7.87,10.58,-8.25
014530,극동유화,기타,3385.0,102.58,0.57,0.56,183.18,0.0,11.8,4.48,8.15,-6.75
350520,이지스레지던스리츠,기타,3200.0,6.0,0.35,5.83,1.03,0.0,11.8,-5.88,-3.9,-12.69
021320,KCC건설,기타,5640.0,0.0,0.0,0.0,0.0,0.0,12.07,0.0,3.11,-13.36
297890,HB솔루션,기타,1618.0,4.47,0.48,10.74,0.42,0.0,11.83,-3.17,0.87,-33.69
336680,탑런토탈솔루션,기타,3020.0,17.87,0.65,3.64,4.91,0.0,11.82,2.2,16.83,-17.71
004100,태양금속,기타,3205.0,36.84,0.77,2.09,17.63,0.0,11.76,15.7,37.55,15.29
067990,도이치모터스,기타,4010.0,34.27,0.3,0.88,38.94,0.0,11.7,6.65,0.75,-23.47
138360,앤로보틱스,기타,1311.0,11.71,1.21,10.33,1.13,0.0,11.53,-23.65,-27.57,-62.0
015590,DKME,기타,2200.0,-36.07,0.83,0.0,0.0,0.0,11.75,41.75,7.84,-14.56
017510,세명전기,기타,7680.0,25.02,1.49,5.96,4.2,0.0,11.71,5.79,12.94,-45.88
134580,탑코미디어,기타,2350.0,-42.73,3.56,0.0,0.0,0.0,11.58,-29.85,129.72,32.02
331920,셀레믹스,기타,10340.0,-20.93,3.67,0.0,0.0,0.0,11.56,-27.49,-5.57,-24.85
041590,플래스크,기타,2370.0,395.0,2.8,0.71,556.34,0.0,11.61,0.0,0.0,0.0
129920,대성하이텍,기타,7270.0,-18.45,1.71,0.0,0.0,0.0,11.81,38.74,72.07,-26.04
238540,나노솔루션,기타,103800.0,0.0,0.0,0.0,0.0,0.0,11.6,0.0,0.0,0.0
016740,두올,기타,4035.0,4.27,0.41,9.6,0.44,0.0,11.57,8.76,13.03,-15.94
338220,뷰노,기타,8180.0,-19.81,3.17,0.0,0.0,0.0,11.45,56.11,5.28,-31.03
333430,일승,기타,3745.0,15.41,2.51,16.29,0.95,0.0,11.51,-1.58,24.01,-33.01
227840,현대코퍼레이션홀딩스,기타,12790.0,3.18,0.35,11.01,0.29,0.0,11.64,-2.74,10.74,-1.84
396470,워트,기타,7100.0,32.13,1.73,5.38,5.97,0.0,11.45,11.46,38.4,-21.11
105740,디케이락,기타,11420.0,17.2,0.85,4.94,3.48,0.0,11.61,48.31,76.78,17.61
034590,인천도시가스,기타,26250.0,5.96,0.5,8.39,0.71,0.0,11.48,-1.5,0.77,-0.94
017550,수산세보틱스,기타,1815.0,7.15,0.57,7.97,0.9,0.0,11.33,-3.2,6.45,-41.17
049520,유아이엘,기타,3710.0,5.33,0.57,10.69,0.5,0.0,11.44,-4.26,5.7,-4.01
217820,원익피앤이,기타,2375.0,118.75,1.03,0.87,136.49,0.0,11.27,19.29,33.73,-31.65
290740,액트로,기타,11300.0,15.42,1.42,9.21,1.67,0.0,11.37,-0.26,48.68,-37.22
054050,NH농우바이오,기타,7070.0,9.22,0.41,4.45,2.07,0.0,11.33,0.57,5.05,-7.1
083420,그린케미칼,기타,4765.0,13.97,0.91,6.51,2.15,0.0,11.44,-0.1,10.05,-13.21
131030,옵투스제약,기타,6450.0,10.11,0.7,6.92,1.46,0.0,11.38,12.57,12.76,-21.44
041440,현대에버다임,기타,6370.0,24.59,0.59,2.4,10.25,0.0,11.37,-5.35,0.31,-29.85
473980,노머스,기타,10390.0,7.65,1.1,14.38,0.53,0.0,11.31,-10.04,-9.57,-35.43
209640,와이제이링크,기타,3940.0,-36.15,1.5,0.0,0.0,0.0,11.21,30.68,16.05,-54.24
311320,지오엘리먼트,기타,8800.0,20.32,1.89,9.3,2.18,0.0,11.1,-0.79,-0.9,-9.18
002460,HS화성,기타,11090.0,4.08,0.24,5.88,0.69,0.0,11.26,1.19,3.36,-17.85
012320,경동인베스트,기타,47850.0,6.12,0.21,3.43,1.78,0.0,11.32,0.1,5.75,-22.07
255440,야스,기타,8600.0,-20.38,0.77,0.0,0.0,0.0,11.23,19.94,17.65,-18.94
079430,현대리바트,기타,5570.0,15.43,0.27,1.75,8.82,0.0,11.2,-7.48,-1.76,-22.64
063570,NICE인프라,기타,3315.0,15.94,0.55,3.45,4.62,0.0,11.32,-3.49,9.05,-19.15
389020,자람테크놀로지,기타,16410.0,51.28,2.39,4.66,11.0,0.0,11.33,-24.9,-22.23,-67.25
201490,미투온,기타,3340.0,133.6,0.73,0.55,242.91,0.0,10.93,26.28,71.72,13.61
122450,KX,기타,2480.0,5.61,0.29,5.17,1.09,0.0,11.12,-6.94,-6.94,-18.95
051980,중앙첨단소재,기타,9990.0,-18.96,1.07,0.0,0.0,0.0,11.1,-0.7,15.49,-43.56
217270,넵튠,기타,2470.0,-2.87,0.35,0.0,0.0,0.0,11.28,3.56,13.82,-28.2
008040,사조동아원,기타,7590.0,44.13,3.96,8.97,4.92,0.0,10.71,-12.76,-3.8,-28.93
001210,금호전기,기타,8680.0,-30.78,4.34,0.0,0.0,0.0,10.96,-31.55,31.91,108.9
016710,대성홀딩스,기타,6910.0,6.48,0.24,3.7,1.75,0.0,11.12,0.14,3.29,-13.63
090850,현대이지웰,기타,4910.0,4.86,1.01,20.78,0.23,0.0,11.04,-1.01,-13.1,-14.61
018120,진로발효,기타,16670.0,9.09,1.2,13.2,0.69,0.0,11.04,0.0,1.65,-5.39
023450,동남합성,기타,31500.0,0.0,0.0,0.0,0.0,0.0,11.03,-0.63,12.5,3.79
009580,무림P&P,기타,1760.0,-3.24,0.18,0.0,0.0,0.0,10.98,9.66,9.79,-32.82
013570,디와이,기타,4210.0,7.88,0.26,3.3,2.39,0.0,11.08,-4.1,12.27,-13.29
310200,애니플러스,기타,2115.0,8.6,0.92,10.7,0.8,0.0,11.03,4.7,-11.32,-20.34
317770,엑스페릭스,기타,2865.0,-4.43,1.17,0.0,0.0,0.0,10.6,21.91,22.44,-20.31
014580,태경비케이,기타,3970.0,4.58,0.46,10.04,0.46,0.0,10.95,4.2,1.28,-13.22
011810,STX,기타,3530.0,-0.66,-0.96,0.0,0.0,0.0,10.95,0.0,0.0,0.0
051360,토비스,기타,11590.0,4.31,0.62,14.39,0.3,0.0,10.85,-1.19,15.78,-1.06
334970,프레스티지바이오로직스,기타,1401.0,-3.76,0.81,0.0,0.0,0.0,10.89,-18.64,-23.44,-32.15
011280,태림포장,기타,1535.0,-11.63,0.35,0.0,0.0,0.0,10.87,-4.6,-6.0,-18.74
242040,나무AX,기타,3130.0,-38.64,3.0,0.0,0.0,0.0,10.83,2.29,-22.91,-31.36
036630,세종텔레콤,기타,8050.0,22.18,0.47,2.12,10.46,0.0,11.27,-11.44,-13.25,-21.77
012200,계양전기,기타,3045.0,-2.51,4.45,0.0,0.0,0.0,10.79,-17.03,-23.59,-70.7
038540,상상인,기타,1978.0,-0.94,0.28,0.0,0.0,0.0,10.94,-0.1,-6.48,-3.75
136150,원일티엔아이,기타,12900.0,0.0,0.0,0.0,0.0,0.0,10.81,71.54,63.08,-19.12
079650,서산,기타,5350.0,-109.18,1.53,0.0,0.0,0.0,10.7,-20.27,3.88,339.97
036010,아비코전자,기타,8000.0,11.17,0.91,8.15,1.37,0.0,10.63,10.34,29.66,-18.2
040300,YTN,기타,2250.0,-5.08,0.42,0.0,0.0,0.0,10.73,11.94,11.39,-27.3
086980,쇼박스,기타,1720.0,-7.17,1.0,0.0,0.0,0.0,10.74,-11.43,-24.23,-40.69
123040,엠에스오토텍,기타,1713.0,-1.0,0.51,0.0,0.0,0.0,10.73,0.41,11.52,-24.54
106190,하이텍팜,기타,9930.0,0.0,0.0,0.0,0.0,0.0,10.56,-4.89,-19.07,-38.17
053350,이니텍,기타,4860.0,34.96,0.7,2.0,17.48,0.0,10.7,21.05,43.79,75.45
078935,GS우,기타,60000.0,0.0,0.0,0.0,0.0,0.0,10.68,-4.31,14.72,7.33
067900,와이엔텍,기타,5900.0,3.53,0.31,8.78,0.4,0.0,10.74,-3.28,-5.6,-18.17
004250,NPC,기타,2925.0,9.5,0.25,2.63,3.61,0.0,10.74,-1.85,-4.41,-17.26
339950,아이비김영,기타,2370.0,5.14,1.39,27.04,0.19,0.0,10.65,-5.58,-11.9,-8.49
246710,티앤알바이오팹,기타,2230.0,-2.46,4.07,0.0,0.0,0.0,10.63,0.45,7.99,-14.56
261780,아리바이오랩,기타,3685.0,0.0,0.0,0.0,0.0,0.0,10.67,27.07,44.79,27.07
120240,대정화금,기타,14830.0,11.02,0.62,5.63,1.96,0.0,10.66,0.34,10.67,14.96
039340,한국경제TV,기타,4815.0,39.15,0.53,1.35,29.0,0.0,10.59,-1.83,0.42,4.9
123690,한국화장품,기타,6590.0,94.14,3.16,3.36,28.02,0.0,10.59,3.13,6.12,-21.45
006660,삼성공조,기타,12850.0,14.65,0.36,2.46,5.96,0.0,10.44,1.66,40.44,-0.93
003010,혜인,기타,8350.0,0.0,0.0,0.0,0.0,0.0,10.62,-6.18,96.47,26.52
153890,져스텍,기타,8640.0,-58.78,8.6,0.0,0.0,0.0,10.41,-25.65,-30.94,-50.71
130580,나이스디앤비,기타,6950.0,8.28,0.93,11.23,0.74,0.0,10.7,15.45,27.06,28.94
053700,삼보모터스,기타,3945.0,4.45,0.22,4.94,0.9,0.0,10.54,-1.62,6.62,-28.53
125210,아모그린텍,기타,6340.0,17.76,1.29,7.26,2.45,0.0,10.46,14.03,7.28,-53.82
289930,웨이비스,기타,8120.0,-16.47,3.02,0.0,0.0,0.0,10.68,15.83,11.85,-54.79
235980,메드팩토,기타,3050.0,-8.16,2.27,0.0,0.0,0.0,10.45,6.83,9.71,-34.34
012800,대창,기타,1160.0,50.43,0.31,0.61,82.67,0.0,10.57,-0.77,4.79,-33.33
021820,세원정공,기타,10400.0,2.1,0.15,7.14,0.29,0.0,10.4,-2.16,4.0,-28.03
073560,우리손에프앤지,기타,1505.0,4.38,0.31,7.08,0.62,0.0,10.42,-1.95,0.87,-11.16
366030,나인앤컴퍼니,기타,4580.0,13.92,1.25,8.98,1.55,0.0,10.38,0.55,-10.72,-28.66
475230,엔알비,기타,9620.0,-165.86,1.18,0.0,0.0,0.0,10.48,0.94,41.68,-43.11
439580,블루엠텍,기타,3080.0,-22.99,2.32,0.0,0.0,0.0,10.42,52.48,79.7,5.66
175250,아이큐어,기타,1682.0,-1.88,2.39,0.0,0.0,0.0,10.38,-12.4,-41.39,-41.39
035000,HS애드,기타,6390.0,6.08,0.49,8.06,0.75,0.0,10.36,-2.59,5.45,-26.55
267850,아시아나IDT,기타,9400.0,8.87,0.62,6.99,1.27,0.0,10.43,1.4,-1.47,-9.96
010100,한국무브넥스,기타,3415.0,4.99,0.26,5.21,0.96,0.0,10.4,-4.07,-2.15,-34.07
173130,오파스넷,기타,7860.0,8.09,1.58,19.53,0.41,0.0,10.25,30.13,26.57,3.69
453450,그리드위즈,기타,13330.0,49.37,0.79,1.6,30.86,0.0,10.59,3.41,8.02,-40.36
120030,조선선재,기타,81000.0,0.0,0.0,0.0,0.0,0.0,10.19,-3.46,-4.59,-15.98
493330,지에프아이,기타,13130.0,-29.51,1.9,0.0,0.0,0.0,10.56,-12.35,26.25,-29.1
003580,HLB글로벌,기타,2015.0,-13.43,1.38,0.0,0.0,0.0,10.21,17.02,24.77,0.9
109740,디에스케이,기타,3995.0,-6.61,0.95,0.0,0.0,0.0,10.27,-10.33,-20.02,-16.6
100700,세운메디칼,기타,2355.0,8.66,0.66,7.62,1.14,0.0,10.31,-3.68,0.86,-6.73
027970,한국제지,기타,2720.0,-3.09,0.25,0.0,0.0,0.0,10.34,-1.27,0.0,-23.38
006620,동구바이오제약,기타,3595.0,2.04,0.64,31.37,0.07,0.0,10.23,0.0,-3.75,-26.1
091440,한울소재과학,기타,2770.0,-2.23,2.48,0.0,0.0,0.0,10.24,2.97,19.4,-9.18
100590,머큐리,기타,5830.0,-37.37,0.66,0.0,0.0,0.0,9.99,73.25,81.34,-39.71
306620,지아이에스,기타,2135.0,-23.46,2.08,0.0,0.0,0.0,10.24,18.28,14.11,-33.28
323990,박셀바이오,기타,4390.0,-9.5,1.38,0.0,0.0,0.0,10.21,-0.23,5.4,-32.46
059210,메타바이오메드,기타,3765.0,9.03,0.82,9.08,0.99,0.0,10.23,-1.83,1.89,-8.73
307930,컴퍼니케이,기타,6390.0,0.0,0.0,0.0,0.0,0.0,9.97,6.68,12.9,-27.96
419050,삼기에너지솔루션즈,기타,1765.0,-11.31,1.57,0.0,0.0,0.0,10.1,6.26,10.87,2.14
086960,MDS테크,기타,2350.0,10.63,0.65,6.11,1.74,0.0,9.99,19.47,24.6,-22.44
119650,KC코트렐,기타,918.0,-7.06,1.97,0.0,0.0,0.0,10.08,0.0,0.0,0.0
037030,파워넷,기타,3955.0,6.08,0.65,10.69,0.57,0.0,10.09,26.16,5.89,-55.51
309960,LB인베스트먼트,기타,4320.0,8.06,0.78,9.68,0.83,0.0,10.03,2.37,0.7,-22.44
142280,녹십자엠에스,기타,4300.0,25.44,2.11,8.29,3.07,0.0,10.3,39.61,57.51,-9.57
250060,모비스,기타,3190.0,11.11,2.91,26.19,0.42,0.0,10.26,6.33,26.34,-30.73
248170,샘표식품,기타,21900.0,5.02,0.38,7.57,0.66,0.0,10.0,-4.58,-0.68,-14.62
025620,차AI헬스케어,기타,5490.0,30.33,1.32,4.35,6.97,0.0,9.99,17.81,-18.79,-26.8
246720,아스타,기타,6070.0,0.0,0.0,0.0,0.0,0.0,9.94,0.0,0.0,0.0
091120,이엠텍,기타,5800.0,-8.67,0.47,0.0,0.0,0.0,9.94,19.96,50.45,-20.0
475580,에이럭스,기타,7290.0,-10.57,2.14,0.0,0.0,0.0,9.93,2.53,4.89,-32.37
063170,서울옥션,기타,5580.0,-11.3,0.96,0.0,0.0,0.0,9.92,-8.37,16.01,-13.62
357580,아모센스,기타,8340.0,189.55,2.18,1.15,164.83,0.0,9.83,61.94,45.3,-52.85
357880,SKAI,기타,1792.0,-4.23,6.69,0.0,0.0,0.0,9.94,1.24,-22.42,-55.2
182360,큐브엔터,기타,6340.0,-18.59,0.59,0.0,0.0,0.0,9.86,5.84,13.82,-25.85
032300,한국파마,기타,8820.0,25.34,1.35,5.33,4.75,0.0,9.62,11.79,13.37,-16.16
045970,코아시아,기타,3830.0,-7.19,1.23,0.0,0.0,0.0,10.08,21.97,32.53,-26.77
021080,에이티넘인베스트,기타,2015.0,0.0,0.0,0.0,0.0,0.0,9.67,-7.78,-3.59,-40.65
099750,이지케어텍,기타,7230.0,16.21,2.2,13.57,1.19,0.0,9.88,5.7,20.7,-6.59
002450,삼익악기,기타,1082.0,5.55,0.29,5.23,1.06,0.0,9.8,-7.28,-6.08,-14.13
352090,스톰테크,기타,3650.0,9.61,1.05,10.93,0.88,0.0,9.81,-1.62,4.73,-7.94
049950,미래컴퍼니,기타,11060.0,-3.9,0.86,0.0,0.0,0.0,9.75,5.74,12.28,-26.95
066790,씨씨에스,기타,2205.0,-10.7,3.42,0.0,0.0,0.0,9.74,0.0,0.0,0.0
036220,오상헬스케어,기타,6730.0,31.45,0.33,1.05,29.95,0.0,9.63,1.36,19.33,-27.24
097800,윈팩,기타,3545.0,-11.51,6.24,0.0,0.0,0.0,9.67,82.92,100.17,48.64
042500,링네트,기타,4345.0,8.89,0.74,8.32,1.07,0.0,9.69,0.23,10.28,-17.71
246960,SCL사이언스,기타,2870.0,-23.92,3.99,0.0,0.0,0.0,9.76,28.12,64.94,56.57
067830,세이브존I&C,기타,2360.0,7.66,0.2,2.61,2.93,0.0,9.69,-1.67,2.61,-19.04
062970,한국첨단소재,기타,3150.0,-3.31,11.41,0.0,0.0,0.0,9.49,64.58,48.31,-50.64
189330,씨이랩,기타,10380.0,-26.02,3.88,0.0,0.0,0.0,9.74,-10.21,-20.94,22.41
412350,레이저쎌,기타,6430.0,-4.02,4.38,0.0,0.0,0.0,9.39,30.29,28.6,-18.4
033560,블루콤,기타,5750.0,6.01,0.52,8.65,0.69,0.0,9.83,24.06,49.54,75.57
088130,동아엘텍,기타,5540.0,1.97,0.57,28.93,0.07,0.0,9.69,1.65,12.6,-44.6
187790,나노,기타,3180.0,13.95,2.28,16.34,0.85,0.0,9.81,3.92,3.08,-47.78
002780,진흥기업,기타,6560.0,437.33,3.58,0.82,533.33,0.0,9.54,-13.34,-21.06,-46.67
068240,다원시스,기타,2530.0,-0.49,-0.19,0.0,0.0,0.0,9.66,0.0,0.0,0.0
322180,LS티라유텍,기타,4510.0,-11.87,1.43,0.0,0.0,0.0,9.69,12.61,19.47,-49.15
417310,코람코더원리츠,기타,2385.0,0.0,0.0,0.0,0.0,0.0,9.64,0.85,15.11,13.3
008700,아남전자,기타,1246.0,16.39,0.72,4.39,3.73,0.0,9.61,-3.11,7.04,-8.58
007210,벽산,기타,1461.0,4.3,0.27,6.28,0.68,0.0,9.55,0.55,1.53,-22.78
264900,크라운제과,기타,7670.0,0.0,0.0,0.0,0.0,0.0,9.61,-5.19,-6.8,-9.66
223250,드림씨아이에스,기타,3905.0,13.06,1.22,9.34,1.4,0.0,9.61,15.53,27.2,-42.06
002230,피에스텍,기타,5200.0,10.99,0.65,5.91,1.86,0.0,9.58,1.56,16.99,-41.51
380550,뉴로핏,기타,7820.0,-3.62,4.68,0.0,0.0,0.0,9.54,10.76,-9.07,-56.8
017650,대림제지,기타,10800.0,15.17,0.34,2.24,6.77,0.0,9.49,1.5,18.94,13.09
007540,샘표,기타,46800.0,13.81,0.44,3.19,4.33,0.0,9.43,8.84,8.46,-3.9
032560,황금에스티,기타,5570.0,5.25,0.25,4.76,1.1,0.0,9.47,-1.59,8.16,-6.23
348350,위드텍,기타,9680.0,15.29,0.75,4.91,3.11,0.0,9.46,1.47,24.1,-11.6
052900,KX하이텍,기타,1228.0,15.35,0.58,3.78,4.06,0.0,9.41,25.31,0.66,-17.36
052420,오성첨단소재,기타,9610.0,2.7,0.31,11.48,0.24,0.0,9.36,-2.04,13.33,-33.63
330350,위더스제약,기타,7140.0,19.72,1.01,5.12,3.85,0.0,9.42,-5.56,13.33,-11.41
047560,이스트소프트,기타,8050.0,-5.3,1.67,0.0,0.0,0.0,9.46,5.5,6.48,-37.74
014790,HL D&I,기타,2505.0,7.73,0.2,2.59,2.98,0.0,9.48,-2.15,3.51,-18.93
282720,금양그린파워,기타,7710.0,3855.0,0.97,0.03,128500.0,0.0,9.34,4.9,17.53,-40.56
394420,리센스메디컬,기타,8370.0,-4.07,11.28,0.0,0.0,0.0,9.21,-13.8,-38.46,-71.53
298540,더네이쳐홀딩스,기타,6540.0,14.13,0.27,1.91,7.4,0.0,9.47,-1.51,1.55,-12.33
101330,모베이스,기타,4090.0,8.12,0.25,3.08,2.64,0.0,9.47,15.54,28.41,-30.68
002720,국제약품,기타,4430.0,16.47,0.96,5.83,2.83,0.0,9.37,30.49,31.45,2.78
109670,씨싸이트,기타,16060.0,-71.38,1.74,0.0,0.0,0.0,9.37,213.06,279.67,249.89
123010,MSDI,기타,4725.0,-23.51,2.9,0.0,0.0,0.0,9.55,86.76,51.93,17.77
205100,엑셈,기타,1387.0,15.08,0.81,5.37,2.81,0.0,9.37,4.36,-13.15,-25.43
096775,SK이노베이션우,기타,74800.0,0.0,0.0,0.0,0.0,0.0,9.34,8.88,32.16,3.6
048550,SM C&C,기타,980.0,-44.55,1.16,0.0,0.0,0.0,9.48,-11.31,-38.98,-2.39
014440,영보화학,기타,4620.0,5.49,0.47,8.56,0.64,0.0,9.24,-3.45,1.99,-1.91
074430,아미노로직스,기타,1045.0,26.12,1.64,6.28,4.16,0.0,9.34,-7.03,4.08,-15.45
048910,대원미디어,기타,7450.0,17.05,0.88,5.16,3.3,0.0,9.37,13.39,57.34,8.13
053580,웹케시,기타,7190.0,13.7,0.9,6.57,2.09,0.0,9.31,-1.24,19.83,-12.74
070960,모나용평,기타,1911.0,-3.01,0.25,0.0,0.0,0.0,9.2,-4.93,-16.0,-34.89
002200,한국수출포장,기타,2785.0,-28.71,0.35,0.0,0.0,0.0,9.33,3.92,23.78,3.53
307870,비투엔,기타,1250.0,-5.61,2.35,0.0,0.0,0.0,9.29,-7.41,26.77,25.25
085670,뉴프렉스,기타,3725.0,10.35,0.84,8.12,1.27,0.0,9.13,22.94,20.75,-39.23
054540,삼영엠텍,기타,7040.0,7.1,1.08,15.21,0.47,0.0,9.15,6.67,9.66,-41.58
100130,동국S&C,기타,1634.0,-56.34,0.49,0.0,0.0,0.0,9.34,20.41,6.17,-23.29
040420,정상제이엘에스,기타,5830.0,13.78,1.04,7.55,1.83,0.0,9.14,0.0,0.17,0.52
008260,NI스틸,기타,3205.0,3.57,0.36,10.08,0.35,0.0,9.17,-5.87,5.95,-12.91
058860,KTis,기타,2620.0,0.0,0.0,0.0,0.0,0.0,9.12,1.75,3.15,-7.09
001275,부국증권우,기타,30450.0,0.0,0.0,0.0,0.0,0.0,9.14,0.33,0.5,-11.99
058850,KTcs,기타,2200.0,4.01,0.39,9.73,0.41,0.0,9.11,0.69,-0.68,-15.87
363280,티와이홀딩스,기타,2050.0,-1.13,0.09,0.0,0.0,0.0,9.33,1.23,20.59,-23.36
005860,한일사료,기타,2335.0,14.41,0.56,3.89,3.7,0.0,9.2,-2.3,-3.91,-33.85
036580,팜스코,기타,2450.0,2.2,0.41,18.64,0.12,0.0,9.0,-9.76,-5.41,-21.85
044990,에이치엔에스하이텍,기타,11840.0,10.64,0.83,7.8,1.36,0.0,9.1,8.42,7.73,-28.67
109610,에스와이,기타,1861.0,-6.44,0.51,0.0,0.0,0.0,9.1,-4.07,-18.02,-30.69
001290,상상인증권,기타,4180.0,-15.48,0.45,0.0,0.0,0.0,9.06,-17.23,17.25,-30.56
093920,서원인텍,기타,4845.0,13.69,0.42,3.07,4.46,0.0,9.01,-0.51,0.62,-5.56
023900,풍국주정,기타,7080.0,8.72,0.52,5.96,1.46,0.0,8.92,-3.28,0.43,-26.48
006840,AK홀딩스,기타,6830.0,-0.76,0.22,0.0,0.0,0.0,9.05,-9.89,22.18,-11.18
013310,아진산업,기타,2325.0,3.89,0.26,6.68,0.58,0.0,9.02,-1.69,-7.92,-40.99
013700,까뮤이앤씨,기타,1500.0,4.46,0.8,17.94,0.25,0.0,8.96,-9.75,17.92,22.95
019180,티에이치엔,기타,4945.0,1.3,0.4,30.77,0.04,0.0,8.9,-5.99,-13.7,-35.86
117670,알파칩스,기타,13400.0,-6.3,1.96,0.0,0.0,0.0,8.93,66.25,56.36,-26.54
048530,인트론바이오,기타,2865.0,-10.94,1.3,0.0,0.0,0.0,8.85,-0.17,22.96,-11.98
009300,삼아제약,기타,14000.0,6.89,0.37,5.37,1.28,0.0,8.92,0.79,13.09,-12.5
432470,케이엔에스,기타,10100.0,-79.53,1.58,0.0,0.0,0.0,8.86,6.32,45.53,-24.06
362320,청담글로벌,기타,4245.0,47.7,0.99,2.08,22.93,0.0,8.78,-4.61,-9.68,-10.35
139990,아주스틸,기타,2285.0,-2.14,0.6,0.0,0.0,0.0,8.86,4.34,8.81,-32.79
234030,싸이닉솔루션,기타,3750.0,47.47,2.42,5.1,9.31,0.0,8.85,26.69,16.28,-41.22
457370,한켐,기타,10830.0,12.67,1.58,12.47,1.02,0.0,8.74,37.09,43.82,24.05
066590,스모트로닉,기타,2290.0,-8.39,1.13,0.0,0.0,0.0,8.86,-4.38,-3.17,-6.15
303810,동국생명과학,기타,2740.0,32.62,0.73,2.24,14.56,0.0,8.76,20.97,13.22,-13.84
900260,로스웰,기타,1939.0,4.02,0.27,6.72,0.6,0.0,8.93,8.99,17.44,23.11
357230,에이치피오,기타,2120.0,10.55,0.58,5.5,1.92,0.0,8.75,-1.17,-0.47,-21.77
052460,아이크래프트,기타,5940.0,8.55,1.55,18.13,0.47,0.0,8.68,24.14,85.62,69.71
065450,빅텍,기타,2950.0,19.16,1.39,7.25,2.64,0.0,8.7,6.5,-1.83,-39.86
023000,삼원강재,기타,2195.0,0.0,0.0,0.0,0.0,0.0,8.72,0.23,-1.35,-7.19
192410,오늘이엔엠,기타,3500.0,-0.55,25.55,0.0,0.0,0.0,8.82,-28.57,11.64,-47.99
004140,동방,기타,1818.0,5.06,0.49,9.68,0.52,0.0,8.72,-0.05,0.61,-28.43
226400,오스테오닉,기타,4205.0,11.58,1.25,10.79,1.07,0.0,8.69,-0.71,-1.52,-28.73
004650,창해에탄올,기타,9480.0,6.57,0.51,7.76,0.85,0.0,8.71,0.96,2.05,-5.01
096240,크레버스,기타,8470.0,14.28,1.52,10.64,1.34,0.0,8.67,-1.63,1.8,-15.3
251120,바이오에프디엔씨,기타,9840.0,19.0,1.29,6.79,2.8,0.0,8.56,13.89,18.98,-24.94
086710,선진뷰티사이언스,기타,7020.0,14.39,1.0,6.95,2.07,0.0,8.57,0.0,0.86,-31.91
388870,파로스아이바이오,기타,6650.0,-8.0,6.18,0.0,0.0,0.0,8.61,25.71,31.16,-12.96
198440,강동씨앤엘,기타,1415.0,-8.52,0.64,0.0,0.0,0.0,8.62,-28.17,-18.63,37.38
478560,블랙야크아이앤씨,기타,3400.0,-14.85,2.29,0.0,0.0,0.0,8.78,6.58,34.39,2.26
330730,스톤브릿지벤처스,기타,4645.0,36.57,0.94,2.57,14.23,0.0,8.46,-2.21,6.05,-26.27
234300,에스트래픽,기타,3135.0,17.81,0.83,4.66,3.82,0.0,8.53,-5.0,12.77,-10.43
033290,로젠,기타,1529.0,4.09,0.2,4.89,0.84,0.0,8.59,0.26,1.46,-18.97
006140,피제이전자,기타,5750.0,0.0,0.0,0.0,0.0,0.0,8.55,21.31,33.57,-20.14
072020,중앙백신,기타,9240.0,0.0,0.0,0.0,0.0,0.0,8.55,-0.75,-1.28,-6.85
084670,동양고속,기타,29250.0,28.56,1.4,4.9,5.83,0.0,8.47,22.13,8.94,-12.16
215100,로보로보,기타,4130.0,-61.64,2.81,0.0,0.0,0.0,8.4,-0.48,11.92,-40.75
278650,HLB바이오스텝,기타,4855.0,-4.45,0.85,0.0,0.0,0.0,8.46,101.87,69.76,-23.66
360070,탑머티리얼,기타,10410.0,0.0,0.0,0.0,0.0,0.0,8.53,24.08,24.37,-38.0
037760,쎄니트,기타,2545.0,-17.8,0.93,0.0,0.0,0.0,8.61,6.04,3.04,8.53
263720,디앤씨미디어,기타,6830.0,10.72,0.89,8.3,1.29,0.0,8.36,-3.94,5.89,-37.91
078140,대봉엘에스,기타,7640.0,8.42,0.59,7.01,1.2,0.0,8.47,-2.55,3.24,-25.1
066980,한성크린텍,기타,1550.0,775.0,1.34,0.17,4558.82,0.0,8.33,-0.77,-26.54,2.11
066700,테라젠이텍스,기타,2270.0,7.75,0.6,7.74,1.0,0.0,8.43,6.07,13.22,-23.7
025950,동신건설,기타,10110.0,0.0,0.0,0.0,0.0,0.0,8.49,-1.17,-23.18,-32.96
049180,셀루메드,기타,1009.0,-24.61,6.59,0.0,0.0,0.0,8.4,0.0,0.0,0.0
006090,사조오양,기타,9050.0,6.74,0.37,5.49,1.23,0.0,8.53,2.14,10.77,10.1
291650,츌립앤사이언스,기타,2735.0,-5.98,3.25,0.0,0.0,0.0,8.35,69.25,31.36,12.92
183490,엔지켐생명과학,기타,990.0,-4.65,0.54,0.0,0.0,0.0,8.38,0.0,0.0,0.0
038110,에코플라스틱,기타,2055.0,42.81,0.24,0.56,76.45,0.0,8.46,0.24,3.74,-36.48
162300,신스틸,기타,2015.0,62.97,0.96,1.52,41.43,0.0,8.36,-5.18,29.25,17.97
011700,한신기계,기타,2530.0,-180.71,0.94,0.0,0.0,0.0,8.21,6.53,9.05,-40.61
007980,TP,기타,1785.0,2.39,0.29,12.13,0.2,0.0,8.37,3.78,7.53,-12.93
078890,가온그룹,기타,4525.0,12.23,0.63,5.15,2.37,0.0,8.34,6.85,6.22,-54.11
104040,디에스엠,기타,3085.0,23.55,0.72,3.06,7.7,0.0,8.27,28.81,71.1,-8.86
002600,조흥,기타,139000.0,10.32,0.55,5.33,1.94,0.0,8.34,0.0,0.8,-4.47
058820,CMG제약,기타,562.0,-8.03,0.41,0.0,0.0,0.0,8.32,-9.94,-35.55,-62.86
004890,동일산업,기타,34350.0,-6.46,0.18,0.0,0.0,0.0,8.33,-4.98,-1.86,-8.16
067000,조이시티,기타,1188.0,-9.0,0.96,0.0,0.0,0.0,8.3,3.76,12.82,-36.09
036640,HRS,기타,5040.0,6.09,0.63,10.34,0.59,0.0,8.24,2.54,9.57,0.6
063160,종근당바이오,기타,15000.0,9.46,0.63,6.66,1.42,0.0,8.23,10.54,16.46,-20.21
950130,엑세스바이오,기타,2360.0,-1.08,0.16,0.0,0.0,0.0,8.3,-3.87,1.72,-41.29
094860,네오리진,기타,1577.0,-3.22,1.67,0.0,0.0,0.0,8.38,7.35,11.13,10.51
365330,에스와이스틸텍,기타,1647.0,-32.29,0.86,0.0,0.0,0.0,8.26,4.64,-7.52,-50.76
294630,서남,기타,3140.0,-18.92,9.57,0.0,0.0,0.0,8.32,2.95,26.1,-24.61
253840,수젠텍,기타,4855.0,-3.49,0.97,0.0,0.0,0.0,8.13,11.1,34.12,-29.12
250030,진코스텍,기타,28300.0,0.0,0.0,0.0,0.0,0.0,8.18,41.5,11.86,17.92
000590,CS홀딩스,기타,70800.0,4.73,0.22,4.65,1.02,0.0,8.17,5.2,2.02,-6.72
063080,컴투스홀딩스,기타,12280.0,7.39,0.32,4.33,1.71,0.0,8.1,-3.99,9.74,-22.57
014950,삼익제약,기타,8080.0,-98.54,1.08,0.0,0.0,0.0,8.13,-7.97,94.93,1.0
389030,지니너스,기타,2080.0,-3.99,7.62,0.0,0.0,0.0,8.19,20.23,0.0,-50.18
140070,서플러스글로벌,기타,2225.0,-5.66,0.43,0.0,0.0,0.0,8.23,8.54,48.33,-12.75
107600,새빗켐,기타,14440.0,-6.63,1.36,0.0,0.0,0.0,8.16,-4.69,14.88,-45.51
185490,아이진,기타,1893.0,-3.88,1.43,0.0,0.0,0.0,8.18,-6.29,31.46,36.19
029480,광무,기타,1359.0,-2.69,0.38,0.0,0.0,0.0,8.12,-7.86,-9.52,-33.71
382840,원준,기타,5320.0,-6.18,0.76,0.0,0.0,0.0,8.12,4.72,13.55,-40.56
412540,제일엠앤에스,기타,3935.0,-5.16,-7.08,0.0,0.0,0.0,8.11,0.0,0.0,0.0
000850,화천기공,기타,36800.0,7.11,0.24,3.38,2.1,0.0,8.1,0.55,11.18,4.55
263600,덕우전자,기타,5060.0,11.66,0.76,6.52,1.79,0.0,8.06,38.63,62.18,-15.67
147760,피엠티,기타,4005.0,-3.05,1.4,0.0,0.0,0.0,8.01,25.94,10.33,-27.97
089230,THE E&M,기타,2030.0,-2.51,2.81,0.0,0.0,0.0,8.0,1.5,53.44,-47.41
007820,엠엑스로보틱스,기타,3450.0,-8.46,1.28,0.0,0.0,0.0,8.05,-7.13,29.94,-40.0
131370,알서포트,기타,1511.0,45.79,0.81,1.77,25.87,0.0,8.05,-0.66,7.16,-33.14
049080,기가레인,기타,9410.0,-7.53,1.93,0.0,0.0,0.0,7.99,20.8,104.79,-52.4
004590,한국가구,기타,5340.0,5.61,0.41,7.31,0.77,0.0,8.01,5.33,1.14,-23.28
054670,대한뉴팜,기타,5660.0,5.25,0.63,12.0,0.44,0.0,8.12,0.35,0.53,-11.29
331380,포커스에이아이,기타,2165.0,0.0,0.0,0.0,0.0,0.0,8.0,4.59,47.38,9.62
418470,KT밀리의서재,기타,9330.0,0.0,0.0,0.0,0.0,0.0,7.99,-3.12,-5.28,-24.7
066310,큐에스아이,기타,8570.0,31.62,0.89,2.81,11.25,0.0,7.95,22.6,21.05,-39.56
302550,리메드,기타,2615.0,153.82,2.02,1.31,117.42,0.0,7.92,-2.61,-4.74,-6.94
079810,APS이노베이션,기타,3650.0,912.5,0.47,0.05,18250.0,0.0,7.86,-9.77,28.3,-33.03
381620,제닉스로보틱스,기타,6000.0,-10.75,1.61,0.0,0.0,0.0,7.87,-0.99,17.42,-52.04
055490,테이팩스,기타,17100.0,40.43,0.52,1.29,31.34,0.0,8.19,1.18,37.68,-2.56
023800,인지컨트롤스,기타,5050.0,4.97,0.35,7.04,0.71,0.0,7.98,-4.9,-5.43,-36.64
389140,포바이포,기타,5560.0,-6.69,1.99,0.0,0.0,0.0,7.93,8.17,16.93,-29.62
001260,남광토건,기타,8060.0,14.98,0.63,4.21,3.56,0.0,7.93,2.81,-18.75,-10.64
137950,제이씨케미칼,기타,3635.0,-20.42,0.54,0.0,0.0,0.0,8.09,-6.79,35.38,-10.25
041910,폴라리스AI파마,기타,5900.0,18.79,0.61,3.25,5.78,0.0,7.84,8.46,9.26,-19.18
009180,한솔로지스틱스,기타,2815.0,5.0,0.55,11.0,0.45,0.0,7.93,1.26,4.84,-12.44
032540,TJ미디어,기타,3700.0,19.37,0.92,4.75,4.08,0.0,7.73,1.37,11.95,3.79
065510,휴비츠,기타,7260.0,-17.49,0.73,0.0,0.0,0.0,7.9,2.54,2.4,-0.82
111380,동인기연,기타,12820.0,6.82,0.5,7.33,0.93,0.0,7.86,-2.88,3.47,-4.33
066430,아이로보틱스,기타,2005.0,-167.08,1.8,0.0,0.0,0.0,7.85,-3.84,-4.3,-24.34
104540,코렌텍,기타,5810.0,12.44,0.99,7.96,1.56,0.0,7.79,46.53,45.43,15.05
277880,티에스아이,기타,3935.0,25.22,0.77,3.05,8.27,0.0,7.81,10.07,26.32,-28.19
012790,신일제약,기타,6460.0,5.41,0.52,9.61,0.56,0.0,7.74,7.31,26.17,9.12
475430,키스트론,기타,4385.0,0.0,0.0,0.0,0.0,0.0,7.83,6.43,4.53,-18.8
069730,DSR제강,기타,5500.0,3.21,0.42,13.08,0.25,0.0,7.92,2.04,1.1,7.0
084730,팅크웨어,기타,6980.0,-3.48,0.44,0.0,0.0,0.0,7.75,8.89,12.76,-11.42
058400,KNN,기타,5890.0,6.95,0.34,4.89,1.42,0.0,7.8,-5.0,8.27,-17.39
000440,중앙에너비스,기타,12400.0,-69.27,1.06,0.0,0.0,0.0,7.72,1.89,-10.21,-36.21
149980,하이로닉,기타,4450.0,26.18,1.02,3.9,6.71,0.0,7.65,-7.87,1.25,-19.96
047820,초록뱀미디어,기타,3130.0,27.22,0.28,1.03,26.43,0.0,7.65,0.32,-3.99,-42.57
038680,에스넷,기타,3885.0,16.97,0.68,4.01,4.23,0.0,7.74,1.7,26.14,-14.43
005740,크라운해태홀딩스,기타,5260.0,4.44,0.22,4.95,0.9,0.0,7.81,-7.07,-3.66,-23.99
002220,한일철강,기타,2905.0,-138.33,0.43,0.0,0.0,0.0,7.76,-4.6,-31.08,-38.26
302430,이노메트리,기타,7800.0,-17.85,1.29,0.0,0.0,0.0,7.65,13.54,27.87,-17.2
088390,이녹스,기타,8330.0,3.37,0.45,13.35,0.25,0.0,7.82,4.12,14.42,-33.15
205470,휴마시스,기타,3135.0,-5.19,0.33,0.0,0.0,0.0,7.74,-3.09,39.33,-19.92
004840,DRB동일,기타,3985.0,17.79,0.19,1.07,16.63,0.0,7.68,-1.48,-5.79,-19.98
124560,태웅로직스,기타,1989.0,-16.04,0.3,0.0,0.0,0.0,7.7,0.1,7.57,-14.45
225530,HC보광산업,기타,2140.0,-31.01,0.85,0.0,0.0,0.0,7.78,3.38,-4.25,-27.33
396270,넥스트칩,기타,2315.0,-2.7,6.36,0.0,0.0,0.0,7.61,13.2,5.95,-65.4
011320,유니크,기타,3995.0,7.15,0.57,7.97,0.9,0.0,7.72,5.27,10.36,-5.33
299660,셀리드,기타,2615.0,-4.26,1.14,0.0,0.0,0.0,7.72,9.64,105.1,-22.17
024880,케이피에프,기타,3840.0,4.09,0.28,6.85,0.6,0.0,7.66,-0.9,4.63,-35.35
007610,선도전기,기타,4220.0,14.35,2.0,13.94,1.03,0.0,7.6,7.24,-3.21,-71.1
163560,동일고무벨트,기타,5490.0,7.16,0.32,4.47,1.6,0.0,7.63,-2.66,1.67,-21.23
040910,아이씨디,기타,4260.0,-41.76,0.71,0.0,0.0,0.0,7.74,-3.95,11.52,-24.33
323350,다원넥스뷰,기타,9680.0,-18.72,5.05,0.0,0.0,0.0,7.75,28.38,9.63,-56.69
073640,테라사이언스,기타,654.0,-4.06,2.31,0.0,0.0,0.0,7.61,0.0,0.0,0.0
303360,프로티아,기타,5940.0,31.26,2.92,9.34,3.35,0.0,7.65,17.62,46.49,27.47
451250,삐아,기타,7500.0,15.99,1.66,10.38,1.54,0.0,7.67,0.67,3.31,-8.2
011370,서한,기타,3785.0,2.64,0.14,5.3,0.5,0.0,7.64,-4.06,-5.73,-25.71
168330,내츄럴엔도텍,기타,2385.0,-23.61,3.14,0.0,0.0,0.0,7.57,9.4,31.33,0.85
010280,아이티센엔텍,기타,5770.0,3.26,0.76,23.31,0.14,0.0,7.52,5.68,28.79,-12.71
263800,데이타솔루션,기타,4585.0,305.67,2.19,0.72,424.54,0.0,7.44,-3.47,-40.61,-10.8
041930,SY동아,기타,4925.0,2.83,0.38,13.43,0.21,0.0,7.49,-4.74,10.06,-23.41
007590,동방아그로,기타,5560.0,7.77,0.4,5.15,1.51,0.0,7.57,-0.54,-1.59,-7.79
413390,엠오티,기타,6730.0,22.43,1.29,5.75,3.9,0.0,7.6,-2.18,20.61,-19.59
102370,케이옥션,기타,2880.0,-15.4,0.71,0.0,0.0,0.0,7.46,-10.7,-5.73,-0.69
170030,현대공업,기타,4930.0,6.39,0.45,7.04,0.91,0.0,7.56,2.71,8.35,-17.56
347890,엠엑스온,기타,4345.0,43.02,0.95,2.21,19.47,0.0,7.39,-4.19,5.98,-23.77
012700,리드코프,기타,2895.0,5.73,0.17,2.97,1.93,0.0,7.53,-3.18,1.05,-14.98
000105,유한양행우,기타,64100.0,0.0,0.0,0.0,0.0,0.0,7.36,-8.3,10.52,-13.38
058630,엠게임,기타,3990.0,4.87,0.56,11.5,0.42,0.0,7.49,-1.85,-14.1,-17.65
109070,주성코퍼레이션,기타,7190.0,37.25,2.62,7.03,5.3,0.0,7.59,-7.23,4.2,-23.75
010960,삼호개발,기타,3080.0,4.07,0.29,7.13,0.57,0.0,7.43,-0.48,-22.42,-18.52
208140,정다운,기타,2280.0,12.26,0.57,4.65,2.64,0.0,7.45,0.0,0.88,-7.32
060570,드림어스컴퍼니,기타,4995.0,28.71,0.51,1.78,16.13,0.0,7.4,24.1,11.87,5.49
067170,오텍,기타,2715.0,-7.2,0.59,0.0,0.0,0.0,7.46,7.31,10.14,-30.74
171120,라이온켐텍,기타,2030.0,8.57,0.52,6.07,1.41,0.0,7.29,1.25,0.0,-12.88
019550,SBI인베스트먼트,기타,914.0,13.06,1.07,8.19,1.59,0.0,7.36,-12.62,-0.87,-28.37
040160,누리플렉스,기타,6500.0,-11.99,1.04,0.0,0.0,0.0,7.72,-6.2,9.8,-62.3
417790,트루엔,기타,7070.0,0.0,0.0,0.0,0.0,0.0,7.4,-2.21,16.86,-6.11
039980,폴라리스AI,기타,4995.0,0.0,0.0,0.0,0.0,0.0,7.18,-6.81,17.67,-40.75
060590,씨티씨바이오,기타,3025.0,22.57,0.99,4.39,5.14,0.0,7.31,-3.35,4.31,-27.98
054620,APS,기타,4000.0,-22.73,0.34,0.0,0.0,0.0,7.36,2.56,-5.66,-33.67
080010,이상네트웍스,기타,7390.0,4.98,0.48,9.64,0.52,0.0,7.27,1.23,5.57,-2.76
013360,일성건설,기타,1354.0,19.62,1.0,5.1,3.85,0.0,7.31,-9.91,-17.24,-18.58
229500,노브메타파마,기타,5600.0,0.0,0.0,0.0,0.0,0.0,7.27,14.75,-23.5,-28.21
020710,시공테크,기타,3605.0,2.37,0.37,15.61,0.15,0.0,7.23,-2.57,1.41,-19.71
212710,아이에스티이,기타,7390.0,-14.87,3.38,0.0,0.0,0.0,7.18,2.64,-15.45,-27.34
038460,바이오스마트,기타,2875.0,8.36,0.5,5.98,1.4,0.0,7.27,8.08,14.31,-20.91
377480,마음AI,기타,10280.0,-9.38,2.84,0.0,0.0,0.0,7.31,4.15,21.08,-36.43
000230,일동홀딩스,기타,6260.0,6.61,0.43,6.51,1.02,0.0,7.22,1.79,3.3,-27.12
451220,아이엠티,기타,9190.0,74.11,2.34,3.16,23.45,0.0,7.24,14.59,-4.27,-40.05
030960,양지사,기타,4545.0,-45.45,0.38,0.0,0.0,0.0,7.26,-5.31,-0.33,-28.54
013870,지엠비코리아,기타,3800.0,4.99,0.25,5.01,1.0,0.0,7.25,-1.94,-0.26,-12.64
017480,삼현철강,기타,4660.0,13.28,0.37,2.79,4.76,0.0,7.2,-2.0,2.31,-2.1
234920,자이글,기타,5310.0,-10.62,2.81,0.0,0.0,0.0,7.18,0.0,0.0,0.0
002700,신일전자,기타,1052.0,0.0,0.0,0.0,0.0,0.0,7.21,6.37,-0.66,-22.99
214330,금호에이치티,기타,6930.0,-3.22,0.23,0.0,0.0,0.0,7.25,-2.81,-22.4,-30.48
002795,아모레퍼시픽홀딩스우,기타,11210.0,0.0,0.0,0.0,0.0,0.0,7.15,0.81,7.89,-0.09
155650,와이엠씨,기타,3740.0,55.0,0.58,1.05,52.38,0.0,7.1,19.49,32.39,-20.59
045660,에이텍,기타,8660.0,151.93,0.65,0.43,353.33,0.0,7.15,-7.38,11.17,-5.66
371950,풍원정밀,기타,3685.0,-3.39,6.8,0.0,0.0,0.0,8.68,27.07,-34.55,-62.05
089790,제이티,기타,6990.0,-279.6,1.0,0.0,0.0,0.0,7.21,40.79,78.77,9.73
128660,피제이메탈,기타,2850.0,9.25,0.96,10.38,0.89,0.0,7.07,-4.04,5.95,-15.68
417970,모델솔루션,기타,11160.0,10.45,0.99,9.47,1.1,0.0,7.14,5.48,7.51,-46.47
024740,한일단조,기타,2140.0,47.56,0.51,1.07,44.45,0.0,7.04,-5.93,4.9,-33.02
217330,싸이토젠,기타,3095.0,-5.8,2.01,0.0,0.0,0.0,7.16,1.31,5.63,-42.36
187420,HLB제넥스,기타,2180.0,2.81,1.55,55.16,0.05,0.0,7.12,11.28,14.26,-15.01
014160,대영포장,기타,655.0,0.0,0.37,0.0,0.0,0.0,7.1,-5.35,-1.8,-39.58
104460,디와이피엔에프,기타,6770.0,2.85,0.43,15.09,0.19,0.0,7.12,-9.36,-23.13,-49.48
120115,코오롱인더우,기타,25600.0,0.0,0.0,0.0,0.0,0.0,7.09,2.2,11.06,-10.49
024900,디와이덕양,기타,2200.0,57.89,0.6,1.04,55.66,0.0,7.16,29.79,28.28,0.46
054040,한국컴퓨터,기타,4415.0,3.45,0.35,10.14,0.34,0.0,7.1,-1.45,-8.78,-19.73
347000,센코,기타,1875.0,13.3,1.21,9.1,1.46,0.0,7.09,-1.94,9.01,-18.48
347860,알체라,기타,1691.0,-24.16,2.93,0.0,0.0,0.0,7.13,30.08,20.18,-27.27
065530,와이어블,기타,1479.0,16.62,0.91,5.48,3.03,0.0,7.08,25.23,39.27,-27.68
092040,아미코젠,기타,996.0,-1.83,0.58,0.0,0.0,0.0,7.04,-2.26,-13.77,-39.64
338100,NH프라임리츠,기타,3785.0,0.0,0.0,0.0,0.0,0.0,7.06,-0.79,-0.79,-16.17
039010,현대에이치티,기타,7950.0,6.45,0.58,8.99,0.72,0.0,6.86,0.38,-1.49,-22.06
294140,레몬,기타,2820.0,-5.09,6.95,0.0,0.0,0.0,7.03,25.06,31.16,-10.48
090470,제이스로보틱스,기타,4030.0,-2.84,0.51,0.0,0.0,0.0,7.04,-12.01,1.9,-48.4
002800,신신제약,기타,4575.0,7.46,0.93,12.47,0.6,0.0,6.94,-1.19,7.9,-15.43
005750,대림바스,기타,4230.0,5.27,0.41,7.78,0.68,0.0,7.02,-9.81,-2.53,-16.9
053280,예스24,기타,2810.0,-6.8,0.41,0.0,0.0,0.0,7.03,-9.65,-10.08,-12.73
076610,해성옵틱스,기타,1149.0,-4.93,2.98,0.0,0.0,0.0,7.0,-4.81,22.1,-49.16
031820,아이티센씨티에스,기타,5830.0,1.34,0.31,23.13,0.06,0.0,7.06,1.57,18.98,-32.05
067920,이글루,기타,6330.0,-1582.5,0.87,0.0,0.0,0.0,6.96,19.89,26.85,-1.56
083790,CG인바이츠,기타,912.0,-24.0,0.8,0.0,0.0,0.0,7.01,-1.41,3.52,-25.06
071090,하이스틸,기타,3415.0,-15.04,0.48,0.0,0.0,0.0,6.9,8.24,17.35,-14.94
067570,엔브이에이치코리아,기타,1698.0,-5.46,0.34,0.0,0.0,0.0,7.16,-0.64,-6.45,-18.37
110790,크리스에프앤씨,기타,2985.0,5.45,0.17,3.12,1.75,0.0,6.99,1.53,-0.17,-20.82
096350,대창솔루션,기타,1908.0,-10.15,2.19,0.0,0.0,0.0,7.03,-1.5,27.12,-29.98
001560,제일연마,기타,9480.0,6.84,0.58,8.48,0.81,0.0,7.2,1.28,5.33,-14.75
010040,한국내화,기타,1691.0,-3.18,0.4,0.0,0.0,0.0,6.94,3.68,9.59,-6.57
460940,피앤에스로보틱스,기타,5160.0,24.34,1.58,6.49,3.75,0.0,6.94,1.78,27.09,-40.48
009770,삼정펄프,기타,27800.0,1.83,0.27,14.75,0.12,0.0,6.95,-0.71,0.36,-7.33
320000,한울반도체,기타,10040.0,-2.82,2.01,0.0,0.0,0.0,6.94,-1.08,-15.13,-24.68
487580,폴레드,기타,2745.0,7.2,1.65,22.92,0.31,0.0,6.91,-11.02,-16.94,-86.28
026150,특수건설,기타,3915.0,-3.52,0.8,0.0,0.0,0.0,6.87,0.9,-2.37,-33.19
208370,셀바스헬스케어,기타,2675.0,17.72,0.97,5.47,3.24,0.0,6.89,9.63,3.28,-31.67
001020,페이퍼코리아,기타,1933.0,-3.56,0.26,0.0,0.0,0.0,6.88,-24.64,-4.07,-42.64
900110,딥커머스,기타,6340.0,21.13,0.42,1.99,10.62,0.0,7.01,5.49,8.21,-45.67
179530,애드바이오텍,기타,2215.0,-8.05,2.36,0.0,0.0,0.0,6.89,-11.93,-1.34,-17.96
332370,아이디피,기타,5170.0,6.66,0.89,13.36,0.5,0.0,6.86,-3.72,-0.58,0.19
337930,젝시믹스,기타,2360.0,5.93,0.6,10.12,0.59,0.0,6.86,-9.58,-19.73,-40.55
040350,크레오에스지,기타,3345.0,-7.59,1.38,0.0,0.0,0.0,6.64,-27.27,-64.26,-14.07
456570,아이엠지티,기타,13000.0,-2.55,-1.78,0.0,0.0,0.0,6.84,-10.03,26.83,0.08
109860,동일금속,기타,7520.0,13.57,0.41,3.02,4.49,0.0,6.84,-0.92,2.45,1.35
039610,화성밸브,기타,6540.0,-34.6,0.72,0.0,0.0,0.0,6.81,14.31,26.2,-23.12
228670,레이,기타,4360.0,21.69,0.89,4.1,5.29,0.0,6.82,-6.34,-3.54,-38.85
004440,삼일씨엔에스,기타,5440.0,-34.43,0.26,0.0,0.0,0.0,6.93,1.49,-0.37,-19.29
480370,씨케이솔루션,기타,2145.0,-1.71,0.97,0.0,0.0,0.0,6.97,34.23,77.57,-14.54
095720,웅진씽크빅,기타,1195.0,-3.03,0.26,0.0,0.0,0.0,6.79,-9.26,0.08,-48.27
049550,잉크테크,기타,3465.0,27.07,0.87,3.21,8.43,0.0,6.79,0.14,13.05,0.73
331740,아우토크립트,기타,7110.0,-5.04,2.2,0.0,0.0,0.0,6.93,7.56,1.57,-47.22
155660,DSR,기타,4265.0,4.56,0.28,6.14,0.74,0.0,6.82,-2.63,-1.73,1.31
067370,선바이오,기타,5510.0,-688.75,2.48,0.0,0.0,0.0,6.73,-12.26,-9.67,-28.99
000180,성창기업지주,기타,4800.0,-3.25,0.1,0.0,0.0,0.0,6.7,-7.69,0.0,-24.29
017370,우신시스템,기타,3575.0,4.37,0.33,7.55,0.58,0.0,6.55,2.14,-18.1,-37.17
011150,CJ씨푸드,기타,1872.0,24.0,0.77,3.21,7.48,0.0,6.73,-7.33,-8.46,-26.59
019540,일지테크,기타,5020.0,1.49,0.35,23.49,0.06,0.0,6.78,-6.86,-11.62,-28.59
024830,세원물산,기타,8040.0,3.06,0.18,5.88,0.52,0.0,6.71,-4.63,-7.59,-22.91
048430,유라테크,기타,5790.0,6.04,0.43,7.12,0.85,0.0,6.67,-10.92,2.3,-22.07
214260,라파스,기타,7480.0,-15.45,2.22,0.0,0.0,0.0,6.67,-5.91,-9.0,-12.82
265560,영화테크,기타,6230.0,3.49,0.7,20.06,0.17,0.0,6.66,-9.18,-9.97,-35.24
065170,비엘팜텍,기타,2390.0,-3.8,8.07,0.0,0.0,0.0,6.67,10.14,-38.87,13.0
079980,휴비스,기타,1925.0,28.73,0.26,0.9,31.92,0.0,6.64,-1.94,0.26,-34.63
004780,대륙제관,기타,4235.0,5.85,0.45,7.69,0.76,0.0,6.74,0.83,7.76,8.87
010660,화천기계,기타,3025.0,0.0,0.0,0.0,0.0,0.0,6.66,-2.89,17.48,-37.44
282620,기도산업,기타,11300.0,1.58,0.36,22.78,0.07,0.0,6.62,-15.36,-39.18,-39.18
096250,와이즈넛,기타,5640.0,42.09,1.09,2.59,16.25,0.0,6.66,0.89,-9.76,-40.63
123420,위메이드플레이,기타,6370.0,3.82,0.25,6.54,0.58,0.0,6.63,1.59,5.29,-13.1
950220,네오이뮨텍,기타,1946.0,-1.58,1.08,0.0,0.0,0.0,6.66,-22.47,51.09,-22.0
262260,에이프로,기타,4400.0,-11.73,0.9,0.0,0.0,0.0,6.63,18.92,57.99,-59.45
456070,이엔셀,기타,6030.0,-3.77,1.35,0.0,0.0,0.0,6.65,8.65,-12.48,-54.39
004720,팜젠사이언스,기타,2975.0,19.32,0.22,1.14,16.95,0.0,6.74,-1.49,-3.09,-24.49
032850,비트컴퓨터,기타,3965.0,8.95,0.83,9.27,0.97,0.0,6.59,3.8,-1.86,-19.49
061040,알에프텍,기타,7470.0,-1.74,0.24,0.0,0.0,0.0,6.76,-2.48,-1.84,-22.91
360350,코셈,기타,12100.0,-106.14,3.42,0.0,0.0,0.0,6.58,135.41,74.6,-1.63
091590,남화토건,기타,5500.0,5.91,0.38,6.43,0.92,0.0,6.46,-25.47,-37.99,38.19
153710,옵티팜,기타,4515.0,-28.04,2.42,0.0,0.0,0.0,6.62,-6.13,-2.9,-10.42
291230,컴투스엔,기타,2700.0,-6.15,0.91,0.0,0.0,0.0,6.48,6.51,31.71,-25.0
007815,코리아써우,기타,22150.0,0.0,0.0,0.0,0.0,0.0,6.57,20.05,34.57,-0.89
225190,LK삼양,기타,4680.0,-2.91,1.98,0.0,0.0,0.0,6.6,14.01,32.2,-52.05
192250,케이사인,기타,9290.0,27.4,0.71,2.59,10.58,0.0,6.57,29.57,30.66,-26.09
085310,엔케이,기타,8990.0,-17.19,0.38,0.0,0.0,0.0,6.67,-1.53,24.86,-23.1
424960,스마트레이더시스템,기타,3930.0,-20.9,3.39,0.0,0.0,0.0,6.48,3.29,8.26,-43.13
137080,나래나노텍,기타,6820.0,1.89,0.65,34.39,0.05,0.0,7.3,6.56,21.57,22.44
007280,한국특강,기타,2365.0,-49.27,0.65,0.0,0.0,0.0,6.77,1.94,22.54,-9.04
019680,대교,기타,1623.0,-2.32,0.24,0.0,0.0,0.0,6.53,-18.85,-15.64,-37.48
111710,남화산업,기타,3185.0,0.0,0.0,0.0,0.0,0.0,6.56,-3.19,-21.94,-16.62
241790,티이엠씨씨엔에스,기타,6580.0,15.67,0.55,3.51,4.46,0.0,6.58,6.47,43.04,-24.02
100220,비상교육,기타,4990.0,3.05,0.31,10.16,0.3,0.0,6.49,1.73,-0.6,-25.52
014970,삼륭물산,기타,4415.0,11.04,1.14,10.33,1.07,0.0,6.55,0.23,3.52,-33.11
095270,웨이브일렉트로,기타,4520.0,45.2,1.06,2.35,19.23,0.0,6.5,9.31,26.43,-42.05
204840,지엘팜텍,기타,4140.0,4140.0,3.22,0.08,51750.0,0.0,6.42,-27.75,1.35,-13.66
382480,지아이텍,기타,1620.0,70.43,0.75,1.06,66.44,0.0,6.38,0.12,-5.87,-36.84
315640,딥노이드,기타,2170.0,-5.74,2.74,0.0,0.0,0.0,6.37,21.23,53.9,-30.45
228340,동양파일,기타,3240.0,-12.27,0.53,0.0,0.0,0.0,6.48,-24.83,-14.06,67.01
084680,이월드,기타,2260.0,-15.59,1.37,0.0,0.0,0.0,6.41,-13.24,-35.06,-74.82
222110,팬젠,기타,4790.0,59.14,2.48,4.19,14.11,0.0,6.47,-4.1,4.59,-26.31
318160,셀바이오휴먼텍,기타,6510.0,6.93,0.96,13.85,0.5,0.0,6.08,2.84,8.68,-16.65
273640,와이엠텍,기타,5800.0,13.03,1.15,8.83,1.48,0.0,6.36,12.19,14.17,-50.64
126880,제이엔케이글로벌,기타,2795.0,22.18,0.41,1.85,11.99,0.0,6.48,11.13,-0.18,-21.71
241690,유니테크노,기타,2600.0,-19.85,0.46,0.0,0.0,0.0,6.36,-0.95,3.38,-30.94
214680,디알텍,기타,3775.0,-2.51,0.84,0.0,0.0,0.0,6.3,-21.35,-18.55,-55.06
058730,다스코,기타,3160.0,-12.34,0.39,0.0,0.0,0.0,6.4,-14.25,-36.29,-5.25
082210,옵트론텍,기타,1813.0,-2.79,0.98,0.0,0.0,0.0,6.34,8.43,3.3,2.95
081150,티플랙스,기타,2595.0,0.0,0.0,0.0,0.0,0.0,6.3,-4.42,-3.35,-38.94
251630,브이원텍,기타,3980.0,-6.76,0.59,0.0,0.0,0.0,6.35,12.43,21.16,-33.33
056360,코위버,기타,6420.0,18.14,0.37,2.04,8.89,0.0,6.29,25.39,31.02,-42.21
008370,원풍,기타,5240.0,8.85,0.61,6.89,1.28,0.0,6.29,5.01,7.27,1.55
089850,유비벨록스,기타,4355.0,-8.87,0.48,0.0,0.0,0.0,6.42,5.58,8.88,-12.46
060310,3S,기타,1194.0,-11.59,1.42,0.0,0.0,0.0,6.34,5.66,5.94,-30.18
048770,TPC로보틱스,기타,4040.0,-24.79,1.74,0.0,0.0,0.0,6.34,-7.66,43.26,-27.21
009200,무림페이퍼,기타,1511.0,-4.09,0.15,0.0,0.0,0.0,6.29,0.47,8.01,-19.58
033130,디지틀조선,기타,1690.0,11.5,0.68,5.91,1.95,0.0,6.27,-5.27,-12.25,-24.72
487400,케이앤에스아이앤씨,기타,6100.0,0.0,0.0,0.0,0.0,0.0,6.26,-24.03,-60.34,-60.34
004770,써니전자,기타,1764.0,14.7,0.77,5.24,2.81,0.0,6.26,-12.89,10.46,4.56
016090,대현,기타,1416.0,0.0,0.0,0.0,0.0,0.0,6.27,-2.34,-4.9,-18.39
001840,이화공영,기타,2215.0,0.0,0.0,0.0,0.0,0.0,6.26,0.0,0.0,0.0
127710,아시아경제,기타,1428.0,16.04,0.52,3.24,4.95,0.0,6.29,42.37,45.42,15.07
221800,지구홀딩스,기타,3830.0,0.0,0.0,0.0,0.0,0.0,6.25,-6.36,-25.63,-77.81
460870,에스엠씨지,기타,3120.0,-26.9,2.05,0.0,0.0,0.0,6.26,10.05,38.36,-8.5
043650,국순당,기타,3490.0,9.97,0.23,2.31,4.32,0.0,6.23,-3.06,-1.13,-12.97
049480,오픈베이스,기타,1990.0,8.61,0.63,7.32,1.18,0.0,6.25,8.98,-7.44,-31.14
068290,삼성출판사,기타,6230.0,5.74,0.35,6.1,0.94,0.0,6.23,-1.11,1.3,-20.13
294090,이오플로우,기타,1490.0,-1.22,-0.42,0.0,0.0,0.0,6.23,0.0,0.0,0.0
321820,아티스트컴퍼니,기타,4020.0,47.86,1.53,3.2,14.96,0.0,6.27,54.32,81.08,2.29
100030,인지소프트,기타,19090.0,2.93,0.71,24.23,0.12,0.0,6.27,-4.79,9.09,-4.5
046210,HLB파나진,기타,1354.0,-19.34,0.85,0.0,0.0,0.0,6.16,17.23,-8.58,-27.94
005870,휴니드,기타,4380.0,5.76,0.34,5.9,0.98,0.0,6.18,-1.46,0.69,-47.61
041460,한국전자인증,기타,3385.0,13.76,0.96,6.98,1.97,0.0,6.24,-4.51,1.2,-13.09
214270,FSN,기타,1355.0,-2.85,0.96,0.0,0.0,0.0,6.13,1.12,0.52,-25.51
036000,예림당,기타,2750.0,-7.26,0.52,0.0,0.0,0.0,6.33,-5.82,2.42,-12.0
066670,디티씨,기타,3295.0,16.31,0.31,1.9,8.58,0.0,6.16,4.44,38.74,2.65
122350,삼기,기타,1601.0,-9.25,0.6,0.0,0.0,0.0,6.14,-8.09,-2.97,20.56
005670,푸드웰,기타,6150.0,6.14,0.56,9.12,0.67,0.0,6.15,-3.91,1.49,-10.09
049470,비트플래닛,기타,2610.0,-137.37,4.14,0.0,0.0,0.0,6.15,5.88,99.24,-22.32
043610,KT지니뮤직,기타,1055.0,-2.23,0.43,0.0,0.0,0.0,6.13,-10.9,-24.59,-36.86
018500,동원모빌리티,기타,1322.0,1.58,0.34,21.52,0.07,0.0,6.18,-7.03,-0.23,-26.56
216050,인크로스,기타,5010.0,5.37,0.47,8.75,0.61,0.0,6.11,-2.91,3.09,-22.69
299170,더블유에스아이,기타,1470.0,-13.87,1.02,0.0,0.0,0.0,6.1,19.32,11.2,-35.24
010470,오리콤,기타,5080.0,7.84,0.45,5.74,1.37,0.0,6.08,3.67,5.83,-10.25
203400,에이비온,기타,676.0,-1.49,0.89,0.0,0.0,0.0,6.09,0.0,0.9,-69.27
039420,케이엘넷,기타,2645.0,6.87,0.82,11.94,0.58,0.0,6.07,-3.47,3.52,-14.12
010240,흥국,기타,5170.0,5.21,0.5,9.6,0.54,0.0,6.05,-4.44,-4.26,-7.35
261520,이지스,기타,5750.0,0.0,0.0,0.0,0.0,0.0,5.91,8.9,43.93,-18.79
000220,유유제약,기타,3830.0,9.21,0.54,5.86,1.57,0.0,6.03,-2.79,6.24,-4.49
448710,코츠테크놀로지,기타,11400.0,7.16,1.2,16.76,0.43,0.0,6.03,1.79,9.72,-41.51
003310,대주산업,기타,1710.0,8.95,0.54,6.03,1.48,0.0,6.05,0.35,10.32,-44.12
025550,한국선재,기타,2345.0,180.38,0.46,0.26,693.77,0.0,5.98,10.87,10.35,-39.09
014470,부방,기타,1054.0,27.03,0.33,1.22,22.16,0.0,6.01,6.04,10.83,-17.46
016250,SGC E&C,기타,12350.0,-0.96,0.2,0.0,0.0,0.0,6.22,3.69,2.24,-19.7
004450,삼화왕관,기타,27700.0,13.91,0.45,3.24,4.29,0.0,5.97,-3.99,8.84,0.36
050960,수산아이앤티,기타,9000.0,0.0,0.0,0.0,0.0,0.0,6.08,2.86,17.65,-2.17
036090,위지트,기타,1417.0,7.19,0.38,5.29,1.36,0.0,6.03,4.65,12.91,-30.88
900300,오가닉티코스메틱,기타,2905.0,-2.27,0.53,0.0,0.0,0.0,5.98,-19.97,47.46,-51.98
033320,제이씨현시스템,기타,3135.0,6.86,0.51,7.43,0.92,0.0,5.99,1.46,14.21,-29.79
263690,디알젬,기타,5280.0,8.81,0.62,7.04,1.25,0.0,5.98,5.6,5.6,-5.55
215360,우리산업,기타,6500.0,4.23,0.49,11.58,0.37,0.0,5.94,0.78,3.34,-28.18
072130,유엔젤,기타,4700.0,13.99,0.92,6.58,2.13,0.0,5.97,-2.49,-11.49,-2.79
463020,뉴엔AI,기타,6640.0,-7.2,2.06,0.0,0.0,0.0,5.97,-21.97,10.85,-45.21
424980,마이크로투나노,기타,9920.0,-7.47,1.94,0.0,0.0,0.0,5.87,15.21,53.09,-22.74
002760,보락,기타,999.0,-39.96,1.28,0.0,0.0,0.0,5.98,-0.89,4.83,-1.67
352910,오비고,기타,4775.0,-31.21,1.78,0.0,0.0,0.0,6.03,-3.44,31.36,-17.96
483350,딜리셔스,기타,2660.0,14.15,-0.47,-3.32,0.0,0.0,5.93,-12.64,-48.25,-48.25
064240,홈캐스트,기타,1709.0,1709.0,0.7,0.04,42725.0,0.0,5.93,-5.11,15.08,-15.81
039020,이건홀딩스,기타,2595.0,-12.01,0.32,0.0,0.0,0.0,5.86,-2.44,1.37,-12.18
372910,한컴라이프케어,기타,2130.0,-7.63,0.46,0.0,0.0,0.0,5.89,14.52,27.85,-9.75
175140,아고스,기타,2345.0,-3.1,1.43,0.0,0.0,0.0,5.85,-4.67,1.08,-34.13
420570,제이투케이바이오,기타,9860.0,21.48,1.71,7.96,2.7,0.0,5.77,8.0,27.39,23.25
099520,DGI,기타,1284.0,-17.59,2.52,0.0,0.0,0.0,5.81,0.0,0.0,0.0
059270,해성에어로보틱스,기타,5300.0,-110.42,1.5,0.0,0.0,0.0,5.92,0.76,-7.67,-47.11
001465,BYC우,기타,27100.0,0.0,0.0,0.0,0.0,0.0,5.84,0.56,16.81,-15.18
464490,쿼드메디슨,기타,4955.0,-6.89,1.82,0.0,0.0,0.0,5.7,0.81,-7.21,-56.88
014990,인디에프,기타,3810.0,-544.29,1.51,0.0,0.0,0.0,5.72,-13.7,107.52,14.07
045340,토탈소프트,기타,6830.0,9.58,2.13,22.23,0.43,0.0,5.85,0.44,3.64,-2.29
333620,엔시스,기타,5240.0,-8.19,1.05,0.0,0.0,0.0,5.76,-2.06,4.8,-26.71
443250,레뷰코퍼레이션,기타,5280.0,11.07,1.21,10.93,1.01,0.0,5.71,-10.36,-10.36,-26.36
094850,참좋은여행,기타,4110.0,0.0,0.0,0.0,0.0,0.0,5.75,-4.2,-6.59,-20.19
191420,테고사이언스,기타,7260.0,-8.39,1.15,0.0,0.0,0.0,5.89,-3.71,8.68,-38.63
081180,쎄크,기타,6430.0,20.03,2.34,11.68,1.71,0.0,5.67,23.65,21.78,-46.42
033310,엠투엔,기타,1433.0,-102.36,0.41,0.0,0.0,0.0,5.73,-1.17,10.15,-12.25
457600,벡트,기타,4175.0,-12.46,3.17,0.0,0.0,0.0,5.72,-8.84,73.24,114.21
111110,호전실업,기타,6390.0,4.86,0.3,6.17,0.79,0.0,5.79,-0.47,-2.44,-14.8
053620,태양,기타,6620.0,4.8,0.27,5.63,0.85,0.0,5.69,-4.75,1.53,-6.76
033170,시그네틱스,기타,3390.0,-3.17,1.11,0.0,0.0,0.0,5.81,86.98,47.71,-16.3
210980,SK디앤디,기타,3080.0,8.08,0.1,1.24,6.52,0.0,5.73,-22.71,-59.72,-63.7
950200,소마젠,기타,2945.0,-19.0,2.08,0.0,0.0,0.0,5.67,-11.03,7.29,-12.35
054300,팬스타엔터프라이즈,기타,975.0,18.06,1.14,6.31,2.86,0.0,5.73,-16.52,2.63,-2.99
007370,진양제약,기타,4020.0,1.71,0.41,23.98,0.07,0.0,5.68,0.5,5.1,-13.08
317530,에피소드컴퍼니,기타,2920.0,-4.84,1.91,0.0,0.0,0.0,5.11,-1.18,-1.85,-20.87
288180,케이피항공산업,기타,7610.0,36.24,3.29,9.08,3.99,0.0,5.63,4.39,-13.62,-82.65
053050,지에스이,기타,1891.0,0.0,0.0,0.0,0.0,0.0,5.67,-3.81,0.91,-20.21
037440,희림,기타,4055.0,7.23,0.59,8.16,0.89,0.0,5.65,-6.57,6.99,-33.85
003925,남양유업우,기타,29800.0,0.0,0.0,0.0,0.0,0.0,5.64,0.85,-2.13,-16.64
033230,인성정보,기타,1120.0,-16.97,0.64,0.0,0.0,0.0,5.66,6.36,10.24,-38.16
129260,인터지스,기타,1907.0,5.76,0.18,3.12,1.85,0.0,5.67,-0.37,-1.95,-17.62
006890,태경케미컬,기타,4850.0,6.43,0.33,5.13,1.25,0.0,5.63,-5.83,-13.24,-38.53
348150,고바이오랩,기타,2875.0,-8.9,1.74,0.0,0.0,0.0,5.58,-1.2,-10.44,-39.09
109080,옵티시스,기타,9750.0,0.0,0.0,0.0,0.0,0.0,5.5,19.34,20.52,-33.72
019990,에너토크,기타,5530.0,-13.04,1.4,0.0,0.0,0.0,5.4,13.67,16.67,-42.52
459100,위츠,기타,4110.0,27.04,1.22,4.51,6.0,0.0,5.53,1.36,-0.36,-39.38
340930,성원에너텍,기타,806.0,-1.74,1.1,0.0,0.0,0.0,5.55,0.0,0.0,0.0
020760,일진디스플,기타,902.0,-7.39,1.63,0.0,0.0,0.0,5.55,0.0,0.0,0.0
075180,새론오토모티브,기타,3000.0,-111.11,0.24,0.0,0.0,0.0,5.76,1.35,3.27,3.45
290660,다이나믹솔루션,기타,1299.0,-2.62,0.92,0.0,0.0,0.0,5.56,-23.81,-0.76,-36.26
393210,토마토시스템,기타,3550.0,-27.73,2.11,0.0,0.0,0.0,5.54,55.36,73.17,-9.67
092300,현우산업,기타,2770.0,6.86,0.45,6.56,1.05,0.0,5.58,9.27,19.65,-30.92
007460,에이프로젠,기타,2205.0,-0.67,0.02,0.0,0.0,0.0,5.66,4.01,-0.9,-57.6
900120,씨엑스아이,기타,4885.0,11.39,0.3,2.63,4.33,0.0,5.54,-6.06,-7.74,-33.36
145170,노브랜드,기타,3245.0,10.78,0.35,3.25,3.32,0.0,5.49,17.79,6.92,-36.99
003465,유화증권우,기타,3155.0,0.0,0.0,0.0,0.0,0.0,5.51,-2.77,5.17,-5.96
071670,에이테크솔루션,기타,5500.0,119.57,0.62,0.52,229.94,0.0,5.5,10.0,9.56,-37.99
040610,SG&G,기타,3220.0,2.02,0.13,6.44,0.31,0.0,5.49,1.1,5.92,-25.98
355690,에이텀,기타,5770.0,-4.57,13.9,0.0,0.0,0.0,5.52,18.48,45.71,9.49
170790,파이오링크,기타,8700.0,7.84,0.64,8.16,0.96,0.0,5.57,5.45,11.97,-20.91
090080,평화산업,기타,1000.0,3.5,0.88,25.14,0.14,0.0,5.49,1.63,19.9,2.35
217480,에스디생명공학,기타,499.0,-7.45,1.86,0.0,0.0,0.0,5.48,0.0,0.0,0.0
064800,포니링크,기타,2150.0,3.47,0.25,7.2,0.48,0.0,5.5,-17.47,2.14,-46.18
088280,쏘닉스,기타,3225.0,-25.0,1.33,0.0,0.0,0.0,5.58,34.1,21.93,-51.72
036670,삼양케이씨아이,기타,5070.0,3.88,0.47,12.11,0.32,0.0,5.46,0.0,-0.59,-13.92
006125,SK디스커버리우,기타,44150.0,0.0,0.0,0.0,0.0,0.0,5.44,5.12,17.11,7.68
003780,진양산업,기타,4175.0,7.82,0.81,10.36,0.75,0.0,5.43,7.6,-11.08,-21.67
025530,SJM홀딩스,기타,3650.0,6.47,0.29,4.48,1.44,0.0,5.45,1.11,7.35,-1.62
092440,기신정기,기타,1870.0,-69.26,0.22,0.0,0.0,0.0,5.46,-5.89,-3.11,-16.89
000725,현대건설우,기타,52000.0,0.0,0.0,0.0,0.0,0.0,5.48,-3.7,8.56,-23.08
061250,화일약품,기타,6450.0,0.0,0.0,0.0,0.0,0.0,5.43,-28.49,-24.3,-24.21
226340,본느,기타,6460.0,-3.66,1.56,0.0,0.0,0.0,5.42,13.53,280.22,99.69
435570,에르코스,기타,7050.0,-8.4,0.99,0.0,0.0,0.0,5.37,-0.98,13.34,-26.33
004830,덕성,기타,3460.0,10.75,0.54,5.02,2.14,0.0,5.43,2.82,2.98,-19.53
419080,엔젯,기타,4960.0,-7.27,1.44,0.0,0.0,0.0,5.39,-0.4,32.27,-4.62
023810,인팩,기타,5380.0,4.5,0.41,9.11,0.49,0.0,5.38,5.7,15.45,-31.81
036120,서울평가정보,기타,1523.0,7.81,1.6,20.49,0.38,0.0,5.35,-10.83,-2.56,-19.12
024910,경창산업,기타,1523.0,-2.62,0.49,0.0,0.0,0.0,5.46,-3.61,3.89,-21.74
378850,화승알앤에이,기타,2810.0,2.93,0.32,10.92,0.27,0.0,5.34,-6.18,0.9,-16.37
021050,서원,기타,1122.0,-9.43,0.37,0.0,0.0,0.0,5.33,-0.09,14.14,-28.31
005320,온타이드,기타,1556.0,-5.54,0.56,0.0,0.0,0.0,5.32,31.09,87.7,32.31
002410,범양건영,기타,1935.0,-0.61,-0.76,0.0,0.0,0.0,5.32,0.0,0.0,0.0
003475,유안타증권우,기타,4150.0,0.0,0.0,0.0,0.0,0.0,5.32,-4.27,-1.07,-8.79
043710,코스리거글로벌,기타,3275.0,-6.42,1.59,0.0,0.0,0.0,5.67,2.83,-5.35,-17.71
370090,퓨런티어,기타,6250.0,781.25,1.13,0.14,5580.36,0.0,5.35,-0.79,-5.73,-56.6
179900,유티아이,기타,2460.0,-1.26,0.74,0.0,0.0,0.0,5.31,1.03,-37.08,-87.88
039240,경남스틸,기타,1921.0,0.0,0.0,0.0,0.0,0.0,5.18,1.16,-0.98,-27.65
238090,앤디포스,기타,1775.0,8.0,0.42,5.25,1.52,0.0,5.41,2.25,-27.4,-48.55
053270,구영테크,기타,1960.0,2.38,0.35,14.71,0.16,0.0,5.37,-3.45,8.35,-12.5
163280,에어레인,기타,3865.0,14.21,0.48,3.38,4.2,0.0,5.26,9.03,12.68,-30.61
317830,에스피시스템스,기타,4905.0,-8.56,0.98,0.0,0.0,0.0,5.28,7.92,7.1,-54.75
105760,포스뱅크,기타,5140.0,13.25,0.64,4.83,2.74,0.0,5.24,0.78,44.99,-3.38
391710,코닉오토메이션,기타,1249.0,49.96,2.01,4.02,12.43,0.0,5.32,10.43,18.73,-42.18
001550,조비,기타,10250.0,83.33,1.01,1.21,68.87,0.0,5.32,-8.08,-1.06,-22.48
396690,미래에셋글로벌리츠,기타,1330.0,-22.17,0.37,0.0,0.0,0.0,5.27,-10.74,-15.82,-25.53
054930,유신,기타,17440.0,2.14,0.35,16.36,0.13,0.0,5.23,-5.88,5.12,-25.63
027050,코리아나,기타,1322.0,-6.81,0.51,0.0,0.0,0.0,5.29,0.0,-5.5,-28.89
042110,에스씨디,기타,1074.0,8.14,0.38,4.67,1.74,0.0,5.19,2.19,-0.56,-28.73
104620,노랑풍선,기타,3100.0,-17.92,1.3,0.0,0.0,0.0,5.21,-1.59,-5.2,-31.94
012690,모나리자,기타,1424.0,41.88,0.65,1.55,27.02,0.0,5.21,-4.56,5.33,-34.68
015710,코콤,기타,2950.0,21.53,0.41,1.9,11.33,0.0,5.17,0.68,12.17,-17.6
024950,삼천리자전거,기타,4160.0,9.41,0.51,5.42,1.74,0.0,5.16,-10.34,32.27,-14.75
053160,프리엠스,기타,8850.0,59.0,0.67,1.14,51.75,0.0,5.31,-17.13,-1.88,6.24
010770,평화홀딩스,기타,3540.0,1.49,0.4,26.85,0.06,0.0,5.18,0.71,-7.33,-10.15
006980,우성,기타,16660.0,3.98,0.2,5.03,0.79,0.0,5.15,-8.81,6.32,-26.12
094940,푸른로보틱스,기타,6130.0,-85.14,1.31,0.0,0.0,0.0,5.13,-7.26,17.21,-43.5
052790,액토즈소프트,기타,4705.0,1.68,0.2,11.9,0.14,0.0,5.14,15.32,7.67,-8.64
114450,그린생명과학,기타,2520.0,32.31,1.33,4.12,7.84,0.0,5.04,8.15,43.84,-10.16
005305,롯데칠성우,기타,66200.0,0.0,0.0,0.0,0.0,0.0,5.13,0.3,-3.78,-17.35
101140,인바이오젠,기타,5080.0,3.17,0.31,9.78,0.32,0.0,5.1,-5.05,-11.34,-30.6
123700,SJM,기타,3265.0,4.2,0.22,5.24,0.8,0.0,5.09,-5.09,-0.61,-12.11
340810,시선AI,기타,3680.0,-2.89,3.27,0.0,0.0,0.0,5.13,-10.24,63.19,22.67
314140,알피바이오,기타,5840.0,-55.62,0.49,0.0,0.0,0.0,5.06,-5.65,6.57,-0.51
150900,파수AI,기타,4235.0,18.57,1.28,6.89,2.7,0.0,4.96,19.8,40.46,-17.12
256630,포인트엔지니어링,기타,4360.0,-8.53,0.74,0.0,0.0,0.0,5.06,-0.11,4.56,-25.85
348080,큐라티스,기타,3875.0,-6.58,10.98,0.0,0.0,0.0,4.97,44.59,43.52,-39.42
393970,대진첨단소재,기타,2825.0,-1.07,0.8,0.0,0.0,0.0,5.04,0.0,0.0,0.0
347740,피엔케이피부임상연구센타,기타,1680.0,10.77,0.6,5.57,1.93,0.0,5.04,-8.15,-3.28,-28.81
459550,알트,기타,1996.0,9.37,1.04,11.1,0.84,0.0,5.03,-24.82,86.37,-15.06
463480,모티브링크,기타,4055.0,-450.56,1.37,0.0,0.0,0.0,5.02,1.0,-2.29,-48.87
088910,동우팜투테이블,기타,1940.0,1.77,0.21,11.86,0.15,0.0,4.99,-7.62,-8.49,-20.0
011230,삼화전자,기타,2615.0,-5.49,2.45,0.0,0.0,0.0,5.01,1.36,-20.15,15.45
317850,대모,기타,6050.0,26.65,1.05,3.94,6.76,0.0,5.04,-1.47,3.07,-28.06
006880,신송홀딩스,기타,4230.0,13.73,0.42,3.06,4.49,0.0,5.0,-1.4,-7.03,-34.52
000950,전방,기타,30100.0,1.7,0.15,8.82,0.19,0.0,5.06,-6.23,15.55,0.0
217500,러셀,기타,1570.0,-18.47,0.84,0.0,0.0,0.0,4.99,0.51,16.8,-43.39
232830,아이티센피엔에스,기타,3000.0,-8.17,3.12,0.0,0.0,0.0,4.96,59.4,102.29,-42.42
246690,TS인베스트먼트,기타,2115.0,6.26,0.51,8.15,0.77,0.0,5.03,-0.94,42.14,-34.34
311690,CJ 바이오사이언스,기타,3880.0,-2.11,0.95,0.0,0.0,0.0,5.07,-3.48,-8.71,-45.51
011390,부산산업,기타,47900.0,-14.65,0.4,0.0,0.0,0.0,5.06,-9.62,15.7,-30.58
046940,우원개발,기타,2735.0,1.03,0.32,31.07,0.03,0.0,4.94,-5.85,-22.63,-50.27
219550,디와이디,기타,1197.0,-2.7,3.69,0.0,0.0,0.0,4.95,-6.92,19.34,-25.65
038010,제일테크노스,기타,5500.0,4.98,0.32,6.43,0.77,0.0,4.95,3.77,-2.65,-15.64
009320,아진전자부품,기타,964.0,10.95,1.43,13.06,0.84,0.0,4.75,1.58,1.58,-11.72
376290,씨유테크,기타,2800.0,36.36,0.43,1.18,30.81,0.0,4.94,-0.36,7.9,1.63
365660,레몬헬스케어,기타,3670.0,0.0,0.0,0.0,0.0,0.0,4.94,-20.99,-62.74,-60.96
900340,윙입푸드,기타,1385.0,4.66,0.3,6.44,0.72,0.0,4.93,-2.33,8.63,-53.37
002630,오리엔트바이오,기타,1659.0,0.0,0.0,0.0,0.0,0.0,4.92,-14.31,-8.9,-16.21
063440,SM Life Design,기타,1083.0,9.1,0.74,8.13,1.12,0.0,4.91,5.35,-2.61,-17.33
060560,HC홈센타,기타,1955.0,-2.46,0.35,0.0,0.0,0.0,4.96,-0.96,-2.1,-34.51
452400,이닉스,기타,5370.0,198.89,0.4,0.2,994.45,0.0,4.87,-13.94,-0.37,-37.27
189860,서전기전,기타,5040.0,45.0,1.55,3.44,13.08,0.0,4.89,13.77,32.11,-40.85
408470,한패스,기타,4645.0,6.56,1.04,15.85,0.41,0.0,4.91,-9.98,-16.46,-64.3
321260,프로이천,기타,1713.0,12.32,1.09,8.85,1.39,0.0,4.83,5.68,2.82,-56.91
065130,탑엔지니어링,기타,3055.0,-1.37,0.3,0.0,0.0,0.0,4.89,6.82,3.56,-1.13
044340,위닉스,기타,2740.0,-2.67,0.3,0.0,0.0,0.0,4.9,-16.21,-11.61,-43.85
011000,진원생명과학,기타,2670.0,-0.86,1.1,0.0,0.0,0.0,4.85,0.0,0.0,-53.57
001620,케이비아이동국실업,기타,2200.0,1.55,0.19,12.26,0.13,0.0,4.9,-2.22,0.92,-31.46
053450,세코닉스,기타,3300.0,10.22,0.34,3.33,3.07,0.0,4.88,6.8,-1.93,-36.42
009835,한화솔루션우,기타,18670.0,0.0,0.0,0.0,0.0,0.0,4.75,9.12,5.72,-19.09
122310,제노레이,기타,3355.0,64.52,0.51,0.79,81.67,0.0,4.88,1.67,1.05,-31.46
004410,서울식품,기타,1226.0,-153.25,20.1,0.0,0.0,0.0,4.84,0.91,22.23,-22.41
382150,온코크로스,기타,3735.0,-5.0,3.36,0.0,0.0,0.0,4.87,8.1,9.53,-46.49
476040,오가노이드사이언스,기타,7300.0,-2.91,1.95,0.0,0.0,0.0,4.81,7.83,-6.29,-60.28
002140,고려산업,기타,1920.0,4.96,0.4,8.06,0.62,0.0,4.79,-6.11,13.01,-25.58
011300,우성머티리얼스,기타,2795.0,-5.5,1.39,0.0,0.0,0.0,4.82,14.78,11.8,5.08
418250,시큐레터,기타,6550.0,-4.82,6.6,0.0,0.0,0.0,4.76,0.0,0.0,0.0
460470,아이빔테크놀로지,기타,3110.0,-10.61,1.5,0.0,0.0,0.0,4.7,10.68,11.07,-29.64
317690,퀀타매트릭스,기타,2380.0,-2.26,1.19,0.0,0.0,0.0,4.79,-1.04,4.39,-36.87
384470,코어라인소프트,기타,2585.0,-2.9,2.61,0.0,0.0,0.0,4.64,5.94,-12.37,-22.84
131400,이브이첨단소재,기타,7960.0,-25.43,4.62,0.0,0.0,0.0,4.74,866.02,721.47,385.66
199550,레이저옵텍,기타,3175.0,-3.88,1.9,0.0,0.0,0.0,4.71,-8.9,7.26,-30.37
196300,HLB펩,기타,4990.0,-4.4,5.57,0.0,0.0,0.0,4.74,15.91,6.62,-23.58
317870,엔바이오니아,기타,5320.0,-4.87,1.52,0.0,0.0,0.0,4.7,1.72,33.33,-23.23
023440,제이스코홀딩스,기타,521.0,-1.31,0.85,0.0,0.0,0.0,4.7,0.0,0.0,0.0
277070,린드먼아시아,기타,3430.0,15.73,0.71,4.51,3.49,0.0,4.7,11.54,16.67,-13.16
440290,HB인베스트먼트,기타,1710.0,0.0,0.0,0.0,0.0,0.0,4.7,-2.73,2.4,-15.97
032960,동일기연,기타,2820.0,8.95,0.73,8.16,1.1,0.0,4.96,37.23,29.36,11.55
143540,영우디에스피,기타,1053.0,8.42,1.5,17.81,0.47,0.0,4.7,1.45,7.45,-22.63
002920,유성기업,기타,1829.0,-1.68,0.18,0.0,0.0,0.0,4.75,1.61,9.19,1.84
373200,엑스플러스,기타,1920.0,-18.64,2.05,0.0,0.0,0.0,4.81,0.79,-24.41,-40.28
189980,흥국에프엔비,기타,1147.0,5.91,0.46,7.78,0.76,0.0,4.6,-4.02,2.32,-22.4
053980,오상자이엘,기타,2430.0,4.45,0.42,9.44,0.47,0.0,4.61,-1.22,-4.14,-20.98
041650,상신브레이크,기타,2220.0,-4.01,0.2,0.0,0.0,0.0,4.77,0.68,5.46,-14.62
069460,대호에이엘,기타,2660.0,-1.27,0.56,0.0,0.0,0.0,4.63,0.0,0.0,0.0
357250,미래에셋맵스리츠,기타,1834.0,0.0,0.0,0.0,0.0,0.0,4.58,-3.88,-3.07,-17.57
361570,알비더블유,기타,1615.0,-11.22,0.77,0.0,0.0,0.0,4.64,3.19,14.21,-8.5
479960,위너스일렉,기타,6490.0,13.38,1.32,9.87,1.36,0.0,4.62,7.99,5.19,-43.96
094970,제이엠티,기타,2755.0,3.23,0.32,9.91,0.33,0.0,4.61,1.1,1.29,-29.9
000910,유니온,기타,2950.0,1.97,0.43,21.83,0.09,0.0,4.61,0.68,4.06,-30.75
260930,씨티케이,기타,2385.0,-6.57,0.3,0.0,0.0,0.0,4.61,-2.05,-9.83,-31.27
471820,셀로맥스사이언스,기타,4080.0,16.06,0.97,6.04,2.66,0.0,4.61,-0.24,-2.86,-16.31
059100,아이컴포넌트,기타,6650.0,0.0,0.0,0.0,0.0,0.0,4.7,0.15,49.44,20.04
073110,엘엠에스,기타,5200.0,-3.81,0.52,0.0,0.0,0.0,4.63,1.76,5.48,-12.16
004540,깨끗한나라,기타,1232.0,-0.98,0.27,0.0,0.0,0.0,4.59,-1.44,-8.94,-34.26
037950,엘컴텍,기타,2740.0,18.77,0.56,2.98,6.3,0.0,4.63,-8.05,-7.9,-9.72
229000,젠큐릭스,기타,1957.0,-6.96,2.08,0.0,0.0,0.0,4.58,2.41,23.24,-39.88
051390,YW,기타,4025.0,9.0,0.38,4.22,2.13,0.0,4.57,4.01,8.78,-11.93
453860,에이에스텍,기타,7110.0,0.0,0.0,0.0,0.0,0.0,4.58,-13.19,-29.67,-47.99
340360,다보링크,기타,850.0,-7.52,2.86,0.0,0.0,0.0,4.56,-16.01,34.71,-39.37
222420,쎄노텍,기타,958.0,0.0,0.0,0.0,0.0,0.0,4.64,14.87,10.62,-36.09
072990,에이치시티,기타,3170.0,7.3,0.48,6.58,1.11,0.0,4.6,4.97,-2.76,-29.4
373160,데이원컴퍼니,기타,3300.0,9.51,1.0,10.52,0.9,0.0,4.48,11.49,5.43,-26.67
068330,일신바이오,기타,1030.0,0.0,0.0,0.0,0.0,0.0,4.55,-8.12,6.08,-24.76
198080,캐프,기타,2095.0,2.32,0.34,14.66,0.16,0.0,4.51,-3.46,-2.1,-30.63
084870,TBH글로벌,기타,2185.0,52.02,0.74,1.42,36.63,0.0,4.47,-1.13,16.16,9.25
003080,SB성보,기타,2245.0,1.3,0.29,22.31,0.06,0.0,4.49,-0.22,0.0,-11.26
159580,제로투세븐,기타,2255.0,13.11,0.54,4.12,3.18,0.0,4.52,0.67,2.73,-37.88
074610,이엔플러스,기타,5110.0,46.04,2.64,5.73,8.03,0.0,4.48,0.0,0.0,0.0
014190,원익큐브,기타,1283.0,16.24,0.41,2.52,6.44,0.0,4.54,0.08,11.76,-19.46
072470,우리산업홀딩스,기타,2370.0,4.07,0.32,7.86,0.52,0.0,4.48,-0.63,3.27,-39.39
050120,ES큐브,기타,3300.0,-21.85,0.48,0.0,0.0,0.0,4.48,1.07,16.4,16.4
178780,일월지엠엘,기타,2425.0,8.14,1.08,13.27,0.61,0.0,4.52,-0.82,1.04,1.04
066130,하츠,기타,3485.0,5.02,0.39,7.77,0.65,0.0,4.46,1.01,7.56,-16.13
017180,명문제약,기타,1316.0,23.5,0.45,1.91,12.3,0.0,4.47,5.7,8.4,-20.87
033340,좋은사람들,기타,460.0,-3.24,0.78,0.0,0.0,0.0,4.46,-29.12,-7.82,-68.77
083550,케이엠,기타,3315.0,10.73,0.32,2.98,3.6,0.0,4.49,3.76,31.29,-1.92
082850,우리바이오,기타,4580.0,-4.74,0.21,0.0,0.0,0.0,4.44,-21.44,-18.51,-55.75
900250,크리스탈신소재,기타,1240.0,22.14,0.34,1.54,14.38,0.0,4.44,5.71,20.74,-42.59
004060,SG세계물산,기타,2210.0,50.23,0.17,0.34,147.74,0.0,4.47,-3.49,-7.72,-36.86
288330,파라택시스코리아,기타,416.0,-0.93,1.01,0.0,0.0,0.0,4.41,0.0,0.0,0.0
466410,사이냅소프트,기타,8880.0,6.13,0.7,11.42,0.54,0.0,4.47,4.72,6.99,-18.61
042040,케이피엠테크,기타,5180.0,-0.69,0.18,0.0,0.0,0.0,4.49,12.24,-9.91,-36.29
004910,조광페인트,기타,3425.0,-4.24,0.17,0.0,0.0,0.0,4.38,-6.16,-6.04,-19.32
092780,DYP,기타,3320.0,5.61,0.29,5.17,1.09,0.0,4.37,0.91,0.76,-32.79
065440,이루온,기타,1611.0,27.31,0.83,3.04,8.98,0.0,4.39,20.49,13.53,-66.75
162120,루켄테크놀러지스,기타,3905.0,-16.48,3.21,0.0,0.0,0.0,4.36,-2.62,27.2,29.95
227950,엔투텍,기타,1265.0,1.94,0.34,17.53,0.11,0.0,4.37,-4.53,-4.24,-49.7
129890,앱코,기타,970.0,7.52,0.71,9.44,0.8,0.0,4.42,-3.67,9.98,-5.0
290670,대보마그네틱,기타,5580.0,-1.24,2.32,0.0,0.0,0.0,4.38,-1.93,13.53,-47.65
258610,케일럼,기타,1230.0,-16.62,0.99,0.0,0.0,0.0,4.49,3.45,16.37,1.99
263020,디케이앤디,기타,3095.0,5.66,0.55,9.72,0.58,0.0,4.28,-0.96,3.51,-14.97
054780,키이스트,기타,2175.0,-3.87,1.01,0.0,0.0,0.0,4.28,52.63,65.4,0.93
084650,랩지노믹스,기타,2885.0,-0.67,0.29,0.0,0.0,0.0,4.28,15.4,-29.55,-59.22
184230,SGA솔루션즈,기타,2280.0,2.05,1.21,59.02,0.03,0.0,4.29,24.52,30.81,-39.52
112190,KC산업,기타,1197.0,18.42,0.23,1.25,14.74,0.0,4.27,-2.92,-5.0,-12.82
022220,티케이지애강,기타,823.0,-3.69,0.49,0.0,0.0,0.0,4.26,-7.94,40.2,-0.6
086060,진바이오텍,기타,4970.0,11.3,0.78,6.9,1.64,0.0,4.28,1.64,9.23,20.05
140520,대창스틸,기타,1999.0,14.81,0.28,1.89,7.84,0.0,4.22,-0.55,3.36,-9.14
014910,성문전자,기타,1954.0,22.46,0.95,4.23,5.31,0.0,4.27,-7.61,-18.07,-22.92
307280,원바이오젠,기타,6020.0,6.64,0.99,14.91,0.45,0.0,4.27,2.56,13.8,-20.79
200580,메디쎄이,기타,11400.0,12.91,1.11,8.6,1.5,0.0,4.25,4.68,-1.13,0.44
199480,뱅크웨어글로벌,기타,4135.0,-15.15,2.35,0.0,0.0,0.0,4.22,5.22,51.47,-10.4
461030,아이엠비디엑스,기타,2920.0,0.0,0.0,0.0,0.0,0.0,4.19,2.64,-15.36,-52.29
481850,신한글로벌액티브리츠,기타,973.0,-28.62,0.47,0.0,0.0,0.0,4.23,-1.22,-3.09,-4.51
200350,아티스트스튜디오,기타,4165.0,-8.86,0.84,0.0,0.0,0.0,4.16,68.97,116.93,-4.25
008420,문배철강,기타,2065.0,6.39,0.22,3.44,1.86,0.0,4.23,-7.81,-0.72,-17.56
413640,비아이매트릭스,기타,5940.0,17.89,1.32,7.38,2.42,0.0,4.28,-0.67,-1.0,-24.71
011330,유니켐,기타,4275.0,-6.25,0.3,0.0,0.0,0.0,4.28,-1.95,25.0,-23.11
256150,한독크린텍,기타,5060.0,11.74,0.68,5.79,2.03,0.0,4.25,5.86,10.96,-4.17
263700,케어랩스,기타,2170.0,2.2,0.61,27.73,0.08,0.0,4.21,14.15,4.83,-8.44
189690,포시에스,기타,1532.0,5.65,0.5,8.85,0.64,0.0,4.19,-0.39,-6.59,-22.19
122830,원포유,기타,1275.0,16.78,2.05,12.22,1.37,0.0,4.18,-4.49,25.99,2.25
446070,유니드비티플러스,기타,3975.0,6.59,0.21,3.19,2.07,0.0,4.22,4.88,21.37,42.73
261200,덴티스,기타,2670.0,-2.97,0.91,0.0,0.0,0.0,4.22,2.69,7.23,-23.17
002290,삼일기업공사,기타,3350.0,7.11,0.6,8.44,0.84,0.0,4.15,0.0,0.3,-14.43
026940,부국철강,기타,2070.0,0.0,0.0,0.0,0.0,0.0,4.14,-7.59,-11.54,-17.03
190650,코리아에셋투자증권,기타,6480.0,5.36,0.42,7.84,0.68,0.0,4.14,-4.71,-1.82,-22.86
019490,엑시큐어하이트론,기타,541.0,-1.47,3.34,0.0,0.0,0.0,4.13,0.0,0.0,0.0
450330,하스,기타,5090.0,26.24,0.9,3.43,7.65,0.0,4.17,-0.59,6.71,-24.26
099410,동방선기,기타,2950.0,6.81,0.98,14.39,0.47,0.0,4.13,-11.68,-1.17,-46.07
100660,서암기계공업,기타,3265.0,34.37,0.61,1.77,19.42,0.0,4.11,3.98,10.3,-23.98
263810,상신전자,기타,2575.0,22.59,0.78,3.45,6.55,0.0,4.1,1.98,8.19,-9.33
056700,신화인터텍,기타,1409.0,12.25,0.42,3.43,3.57,0.0,4.11,-1.12,-7.91,-20.75
215380,콜마바이오텍,기타,2395.0,171.07,1.28,0.75,228.09,0.0,4.03,11.66,-4.01,-15.96
000215,DL우,기타,24200.0,0.0,0.0,0.0,0.0,0.0,4.08,-2.22,20.7,-10.37
053950,경남제약,기타,2085.0,2.09,0.28,13.4,0.16,0.0,4.09,-3.92,35.3,-30.27
452200,민테크,기타,1684.0,-2.72,1.33,0.0,0.0,0.0,4.1,5.25,12.19,-62.49
023350,한국종합기술,기타,3715.0,4.76,0.23,4.83,0.99,0.0,4.07,-9.39,-10.16,-25.4
136410,아셈스,기타,3660.0,4.57,0.54,11.82,0.39,0.0,4.03,-8.16,-26.58,-44.63
002870,신풍,기타,1169.0,20.51,0.44,2.15,9.54,0.0,4.09,5.89,18.92,14.05
469750,아이비젼웍스,기타,5800.0,-42.96,5.45,0.0,0.0,0.0,4.0,18.49,86.8,-11.52
286750,나노실리칸첨단소재,기타,2535.0,-5.56,1.48,0.0,0.0,0.0,4.06,-7.31,-28.31,-7.95
066900,디에이피,기타,1784.0,-0.8,5.51,0.0,0.0,0.0,4.06,4.94,-2.73,-2.89
017040,광명전기,기타,932.0,0.0,0.0,0.0,0.0,0.0,4.04,0.0,0.0,0.0
007530,와이엠,기타,1800.0,16.07,0.7,4.36,3.69,0.0,4.01,15.83,-7.12,-19.1
044960,이글벳,기타,3190.0,0.0,0.0,0.0,0.0,0.0,4.03,0.47,4.76,-17.36
104200,NHN벅스,기타,2675.0,-3.13,0.59,0.0,0.0,0.0,3.97,-0.56,-2.9,-24.33
027830,대성창투,기타,742.0,2.9,0.41,14.14,0.21,0.0,4.01,-18.28,-22.55,-47.0
263770,유에스티,기타,1746.0,7.49,0.5,6.68,1.12,0.0,4.14,6.27,13.82,-11.1
203450,유니온바이오메트릭스,기타,2820.0,19.72,0.81,4.11,4.8,0.0,3.97,11.9,3.87,-7.99
007680,대원,기타,2990.0,-4.75,0.14,0.0,0.0,0.0,3.95,-11.14,-28.89,-29.48
064090,인크레더블버즈,기타,798.0,-1.31,0.59,0.0,0.0,0.0,3.97,0.0,0.0,0.0
037230,한국팩키지,기타,1315.0,31.31,0.36,1.15,27.23,0.0,3.92,-5.53,-4.43,-40.5
049800,우진플라임,기타,2030.0,17.81,0.37,2.08,8.56,0.0,4.06,9.73,20.76,-19.44
223310,사토시홀딩스,기타,2905.0,-0.45,0.89,0.0,0.0,0.0,3.96,-16.52,-38.45,-74.47
049830,승일,기타,6790.0,11.37,0.28,2.46,4.62,0.0,4.16,6.59,6.26,-3.82
171010,램테크놀러지,기타,2725.0,-4.66,0.98,0.0,0.0,0.0,3.9,3.22,4.41,-29.13
025880,케이씨피드,기타,2340.0,3.79,0.46,12.14,0.31,0.0,3.91,-1.47,-6.77,-16.43
446840,지슨,기타,3635.0,-151.46,62.67,0.0,0.0,0.0,4.0,20.76,-31.42,-43.78
045510,정원엔시스,기타,1231.0,35.17,0.86,2.45,14.36,0.0,3.88,12.42,70.03,16.9
238120,얼라인드,기타,2770.0,13.71,1.05,7.66,1.79,0.0,3.94,-2.64,-16.69,-33.41
035460,기산텔레콤,기타,2625.0,9.05,0.7,7.73,1.17,0.0,3.92,14.13,28.68,-34.7
221840,하이즈항공,기타,2025.0,18.41,0.92,5.0,3.68,0.0,3.79,-1.22,8.23,-25.41
273060,와이즈버즈,기타,4000.0,21.51,0.81,3.77,5.71,0.0,3.93,-7.41,-3.03,-36.0
007110,일신석재,기타,2505.0,139.17,3.27,2.35,59.22,0.0,3.88,-16.92,-41.47,-66.76
224110,에이텍모빌리티,기타,7630.0,3.78,0.53,14.02,0.27,0.0,3.88,-14.37,-2.18,-9.7
046310,백금T&A,기타,2360.0,9.15,0.52,5.68,1.61,0.0,3.87,5.59,17.12,-18.34
008870,금비,기타,38700.0,17.93,0.4,2.23,8.04,0.0,3.87,-3.85,0.65,-12.94
218150,미래생명자원,기타,1905.0,-11.91,0.92,0.0,0.0,0.0,3.89,-8.19,5.77,-33.74
011420,갤럭시아에스엠,기타,1419.0,13.51,0.62,4.59,2.94,0.0,3.91,-3.73,-5.27,-18.17
145270,케이탑리츠,기타,803.0,6.22,0.36,5.79,1.07,0.0,3.86,1.39,6.36,-4.4
050860,아세아텍,기타,1706.0,13.87,0.28,2.02,6.87,0.0,3.84,-0.41,-5.59,-15.12
465480,인스피언,기타,3790.0,14.36,0.69,4.81,2.99,0.0,3.84,8.44,7.67,-32.32
009810,MDS스피어,기타,1950.0,-12.04,0.42,0.0,0.0,0.0,3.97,2.53,7.45,-17.5
038070,서린바이오,기타,4110.0,52.03,0.43,0.83,62.69,0.0,3.82,-3.18,-4.42,-31.95
121890,에스디시스템,기타,2875.0,-20.39,3.56,0.0,0.0,0.0,3.82,0.88,59.54,28.92
180060,탑선,기타,4085.0,5.28,0.42,7.95,0.66,0.0,3.82,-14.36,-20.06,-48.62
352700,씨앤투스,기타,1480.0,-5.02,0.24,0.0,0.0,0.0,3.89,0.48,11.53,-23.91
109820,진매트릭스,기타,1859.0,-10.1,1.97,0.0,0.0,0.0,3.79,14.05,35.2,-8.2
023960,에쓰씨엔지니어링,기타,1025.0,-7.88,0.83,0.0,0.0,0.0,3.9,-1.91,3.12,-14.58
019770,서연탑메탈,기타,3265.0,4.06,0.41,10.1,0.4,0.0,3.8,-1.95,3.98,-16.17
221980,케이디켐,기타,9510.0,10.94,0.35,3.2,3.42,0.0,3.84,1.28,-2.66,-7.67
002360,SH에너지화학,기타,3400.0,-3.51,0.54,0.0,0.0,0.0,3.78,114.24,99.88,-5.03
051490,나라엠앤디,기타,2650.0,7.14,0.34,4.76,1.5,0.0,3.76,-2.21,0.57,-25.67
052220,iMBC,기타,1626.0,-6.98,0.67,0.0,0.0,0.0,3.74,-8.75,-13.51,-42.34
234100,폴라리스세원,기타,2585.0,83.39,0.2,0.24,347.46,0.0,3.77,-8.01,11.18,-49.31
239890,피엔에이치테크,기타,3835.0,11.25,0.73,6.49,1.73,0.0,3.81,12.79,8.49,-30.53
004920,씨아이테크,기타,7220.0,2.49,0.51,20.48,0.12,0.0,3.77,-20.75,-23.6,-34.3
012280,영화금속,기타,3835.0,0.0,0.0,0.0,0.0,0.0,3.8,-2.91,-9.87,-23.68
208710,포톤,기타,2900.0,-6.0,0.8,0.0,0.0,0.0,3.82,12.4,58.21,19.1
177900,쓰리에이로직스,기타,3895.0,3.38,0.73,21.6,0.16,0.0,3.75,2.1,-2.99,-44.99
037370,EG,기타,4325.0,-31.34,0.62,0.0,0.0,0.0,3.73,17.37,42.74,-13.5
009140,케이아이이,기타,23850.0,9.79,0.39,3.98,2.46,0.0,3.75,5.3,7.67,-24.64
434480,모니터랩,기타,2980.0,57.31,0.97,1.69,33.91,0.0,3.67,14.18,31.86,-32.27
081580,성우전자,기타,2390.0,2.99,0.32,10.7,0.28,0.0,3.71,4.6,3.91,-16.72
101240,씨큐브,기타,3365.0,3.76,0.39,10.37,0.36,0.0,3.82,-5.21,14.07,-12.48
134790,시디즈,기타,18560.0,-16.41,0.5,0.0,0.0,0.0,3.71,-3.88,-5.16,-0.05
250000,보라티알,기타,5490.0,161.47,0.4,0.25,645.88,0.0,3.71,-4.19,1.86,-22.68
258790,소프트캠프,기타,7290.0,9.64,2.26,23.44,0.41,0.0,3.64,34.01,81.34,-15.13
097870,효성오앤비,기타,4320.0,43.2,0.43,1.0,43.2,0.0,3.67,-5.78,-2.26,-29.06
046390,삼화네트웍스,기타,2130.0,-41.76,0.57,0.0,0.0,0.0,3.68,-0.93,13.12,-14.11
049120,파인디앤씨,기타,2900.0,-1.37,0.59,0.0,0.0,0.0,3.68,-9.94,49.95,-2.36
042940,상지건설,기타,5370.0,-2.37,0.37,0.0,0.0,0.0,3.67,-6.72,-12.84,-39.36
122690,서진오토모티브,기타,1584.0,-1.41,0.24,0.0,0.0,0.0,3.66,-5.15,-3.06,-26.33
065500,오리엔트정공,기타,1038.0,18.21,0.83,4.56,3.99,0.0,3.71,-10.9,-5.12,-44.52
086040,바이오톡스텍,기타,2290.0,31.37,0.88,2.81,11.16,0.0,3.65,-3.98,10.1,-25.04
051630,진양화학,기타,1686.0,-6.61,0.92,0.0,0.0,0.0,3.57,20.6,-3.66,-5.01
219420,링크제니시스,기타,3175.0,13.01,0.78,6.0,2.17,0.0,3.64,-0.63,-5.51,-36.63
043910,자연과환경,기타,3215.0,-5.52,0.44,0.0,0.0,0.0,3.65,-8.14,3.71,-34.79
207760,미스터블루,기타,2150.0,-1.92,0.88,0.0,0.0,0.0,3.57,-13.31,-3.8,-51.25
000890,보해양조,기타,1309.0,5.45,0.42,7.71,0.71,0.0,3.62,-7.75,-21.05,-37.96
260660,알리코제약,기타,2355.0,0.0,0.0,0.0,0.0,0.0,3.61,-9.07,-1.88,-28.74
123570,이엠넷,기타,1627.0,18.49,0.36,1.95,9.48,0.0,3.62,-1.99,-4.24,-16.48
039290,인포뱅크,기타,4080.0,-8.57,0.52,0.0,0.0,0.0,3.55,7.23,15.42,-8.93
430690,한싹,기타,3280.0,-13.39,1.09,0.0,0.0,0.0,3.57,30.68,49.09,-28.46
089140,넥스턴앤롤코리아,기타,2340.0,-3.3,0.26,0.0,0.0,0.0,3.58,10.38,9.35,16.71
153460,네이블,기타,5440.0,27.61,1.06,3.84,7.19,0.0,3.55,-7.64,-10.82,-41.51
406820,뷰티스킨,기타,2630.0,-21.56,1.16,0.0,0.0,0.0,3.72,39.6,24.64,-34.25
284620,카이노스메드,기타,1087.0,-4.47,31.06,0.0,0.0,0.0,3.6,0.0,0.0,0.0
026040,제이에스티나,기타,2175.0,0.0,0.0,0.0,0.0,0.0,3.59,-14.03,21.24,-21.34
008250,이건산업,기타,3280.0,-2.53,0.19,0.0,0.0,0.0,3.59,2.82,16.52,-10.14
133820,화인베스틸,기타,989.0,-6.26,0.73,0.0,0.0,0.0,3.67,-1.1,-2.18,-28.85
296160,프로젠,기타,2330.0,0.0,0.0,0.0,0.0,0.0,3.58,-9.86,-17.67,-50.43
057540,옴니시스템,기타,602.0,-200.67,0.33,0.0,0.0,0.0,3.58,2.38,-27.82,-33.33
047400,유니온머티리얼,기타,813.0,13.78,1.74,12.63,1.09,0.0,3.41,-11.53,-18.21,-55.11
068940,셀피글로벌,기타,778.0,-3.12,3.44,0.0,0.0,0.0,3.57,0.0,0.0,0.0
045060,오공,기타,2130.0,6.47,0.3,4.64,1.39,0.0,3.61,-1.39,-2.96,-7.79
027740,마니커,기타,1140.0,-1140.0,0.86,0.0,0.0,0.0,3.62,-24.9,15.5,-30.57
363250,진시스템,기타,4180.0,-2.46,3.63,0.0,0.0,0.0,3.56,4.63,26.48,-14.43
446440,에피바이오텍,기타,15420.0,-26.96,52.09,0.0,0.0,0.0,3.56,18.8,10.54,-18.84
332290,누보,기타,4575.0,31.55,1.04,3.3,9.56,0.0,3.63,2.01,21.35,-22.78
263050,유틸렉스,기타,959.0,-1.48,2.32,0.0,0.0,0.0,3.53,0.0,0.0,0.0
014570,고려제약,기타,3255.0,11.97,0.45,3.76,3.18,0.0,3.58,-7.0,-3.7,-15.01
270520,앱튼,기타,881.0,-0.68,0.18,0.0,0.0,0.0,3.53,-69.98,-63.29,-39.03
452300,캡스톤파트너스,기타,2475.0,19.04,1.08,5.67,3.36,0.0,3.51,8.32,14.32,-36.7
191600,블루탑,기타,12310.0,-25.97,2.81,0.0,0.0,0.0,3.52,-2.46,18.14,68.86
024120,KB오토시스,기타,3060.0,9.03,0.3,3.32,2.72,0.0,3.52,-1.92,-0.81,-17.19
079190,케스피온,기타,1724.0,-3.61,1.23,0.0,0.0,0.0,3.51,34.79,56.44,-6.25
186230,그린플러스,기타,3180.0,-3.21,0.84,0.0,0.0,0.0,3.47,-9.66,0.63,-24.29
204020,그리티,기타,1797.0,7.55,0.41,5.43,1.39,0.0,3.5,-4.26,-3.34,-22.88
387570,파인메딕스,기타,6190.0,-18.53,1.77,0.0,0.0,0.0,3.48,-6.21,43.29,-15.67
066360,체리부로,기타,1518.0,1.53,0.36,23.53,0.07,0.0,3.64,9.68,10.48,-30.62
318410,비비씨,기타,6180.0,6.23,0.43,6.9,0.9,0.0,3.43,-5.5,8.61,-17.38
060540,에스에이티,기타,1348.0,44.93,0.34,0.76,59.12,0.0,3.52,-0.59,28.63,-1.1
013000,세우글로벌,기타,1245.0,10.29,0.69,6.71,1.53,0.0,3.57,2.89,6.5,-20.45
127980,화인써키트,기타,3045.0,-9.06,0.95,0.0,0.0,0.0,3.61,13.41,-0.49,-51.12
290090,트윔,기타,4695.0,-12.39,0.52,0.0,0.0,0.0,3.49,12.73,4.33,-25.48
060850,영림원소프트랩,기타,4300.0,5.45,0.64,11.74,0.46,0.0,3.5,-7.53,-13.83,-30.53
348030,모비릭스,기타,3575.0,-2.88,0.59,0.0,0.0,0.0,3.43,20.78,30.71,62.13
010640,진양폴리,기타,2050.0,6.49,0.63,9.71,0.67,0.0,3.42,1.99,12.27,-5.09
377030,비트맥스,기타,2420.0,-0.23,2.39,0.0,0.0,0.0,3.46,35.73,70.78,-18.24
000760,이화산업,기타,12330.0,-19.27,0.26,0.0,0.0,0.0,3.45,-15.61,-1.44,-19.62
065950,웰크론,기타,1245.0,-1.94,0.84,0.0,0.0,0.0,3.51,8.36,24.25,-7.43
290120,DH오토리드,기타,2180.0,2.45,0.35,14.29,0.17,0.0,3.45,-2.68,-6.84,-20.58
417860,오브젠,기타,7250.0,-9.43,3.24,0.0,0.0,0.0,3.41,4.02,12.06,-18.72
075130,플랜티넷,기타,2140.0,15.74,0.47,2.99,5.26,0.0,3.45,0.71,12.57,-9.13
310870,디와이씨,기타,1532.0,8.61,0.59,6.85,1.26,0.0,3.36,-0.52,30.83,6.69
002880,디와이에이,기타,3655.0,-53.75,0.73,0.0,0.0,0.0,3.42,-2.92,-10.64,-19.32
227420,도부,기타,896.0,-149.33,19.06,0.0,0.0,0.0,3.41,12.56,35.96,15.02
057030,YBM넷,기타,2115.0,21.58,0.65,3.01,7.17,0.0,3.45,-0.7,-4.3,-17.22
106240,파인테크닉스,기타,1273.0,-1.0,0.38,0.0,0.0,0.0,3.38,12.65,-0.47,-36.67
069920,엑시온그룹,기타,1399.0,-0.51,0.21,0.0,0.0,0.0,3.37,15.24,120.66,-14.75
476080,M83,기타,4100.0,-4.77,0.73,0.0,0.0,0.0,3.31,0.49,17.82,-32.68
004365,세방우,기타,9100.0,0.0,0.0,0.0,0.0,0.0,3.36,-2.67,2.13,-11.65
143210,핸즈코퍼레이션,기타,1199.0,-0.3,0.28,0.0,0.0,0.0,3.36,0.0,0.0,0.0
064520,테크엘,기타,1500.0,-7.18,0.35,0.0,0.0,0.0,3.35,0.4,-5.6,-18.74
009460,한창제지,기타,2710.0,61.59,1.71,2.78,22.15,0.0,3.34,-1.45,4.84,-0.37
432430,와이랩,기타,2025.0,-4.95,1.21,0.0,0.0,0.0,3.34,-3.34,-2.64,-36.32
131090,시큐브,기타,4310.0,12.53,0.73,5.83,2.15,0.0,3.3,2.01,13.72,9.11
099220,SDN,기타,5300.0,-19.41,0.44,0.0,0.0,0.0,3.34,3.72,-29.8,-56.05
296640,이노에이엑스,기타,6470.0,12.97,0.96,7.4,1.75,0.0,3.35,5.89,32.04,-6.37
397810,애드포러스,기타,6460.0,-16.07,0.74,0.0,0.0,0.0,3.33,-1.52,27.92,7.67
270870,뉴트리,기타,3660.0,-13.92,0.32,0.0,0.0,0.0,3.29,-4.56,-22.04,-11.17
196450,코아시아씨엠,기타,3800.0,10.64,0.58,5.45,1.95,0.0,3.44,-3.8,-15.46,-35.32
014130,한익스프레스,기타,2825.0,-2.45,0.4,0.0,0.0,0.0,3.34,16.26,30.18,8.03
038060,루멘스바이오스,기타,689.0,-4.99,0.31,0.0,0.0,0.0,3.31,-15.46,-1.71,-52.52
005820,원림,기타,14420.0,8.89,0.23,2.59,3.43,0.0,3.31,-3.93,3.37,-11.04
006920,모헨즈,기타,3005.0,-12.47,1.08,0.0,0.0,0.0,3.28,-12.52,-12.52,-28.96
495810,유비씨,기타,13120.0,-17.11,118.2,0.0,0.0,0.0,3.28,0.0,0.0,0.0
335810,프리시젼바이오,기타,1516.0,-1.91,0.83,0.0,0.0,0.0,3.33,-2.63,3.13,-23.63
012160,영흥,기타,2175.0,-0.84,0.22,0.0,0.0,0.0,3.4,-9.38,10.07,-7.64
215090,솔디펜스,기타,1420.0,10.52,0.63,5.99,1.76,0.0,3.29,8.4,18.93,-42.97
408900,스튜디오미르,기타,1007.0,-22.89,0.86,0.0,0.0,0.0,3.3,-10.01,-2.71,-59.56
169330,엠브레인,기타,1812.0,18.88,1.21,6.41,2.95,0.0,3.32,30.74,19.21,-11.61
419120,산돌,기타,2285.0,9.64,0.57,5.91,1.63,0.0,3.25,-3.18,-9.5,-39.55
052600,한네트,기타,2835.0,0.0,0.0,0.0,0.0,0.0,3.28,-4.87,-4.71,-23.79
200780,비씨월드제약,기타,3040.0,-6.62,0.44,0.0,0.0,0.0,3.24,0.33,-4.7,-24.75
073570,리튬포어스,기타,2690.0,-0.95,1.83,0.0,0.0,0.0,3.24,53.71,70.79,-31.9
148930,에이치와이티씨,기타,3180.0,9.38,0.48,5.12,1.83,0.0,3.24,-2.75,-7.83,2.25
006370,대구백화점,기타,2985.0,-0.99,0.19,0.0,0.0,0.0,3.23,-13.23,-17.54,-46.51
220180,폴라리스AI핸디,기타,1352.0,34.67,0.41,1.18,29.38,0.0,3.24,-1.38,-1.6,-23.9
153490,우리이앤엘하루틴,기타,3315.0,-53.47,0.38,0.0,0.0,0.0,3.41,10.32,51.37,-21.26
133750,메가엠디,기타,1374.0,8.48,0.46,5.42,1.56,0.0,3.22,-8.95,4.41,-19.88
271830,팸텍,기타,1099.0,-5.26,0.52,0.0,0.0,0.0,3.24,9.57,11.8,-23.73
900270,헝셩그룹,기타,2590.0,152.35,1.09,0.72,211.6,0.0,3.23,-18.94,-8.64,-47.25
045300,성우테크론,기타,3050.0,6.79,0.42,6.19,1.1,0.0,3.22,15.09,25.51,-7.85
033830,티비씨,기타,1703.0,8.96,0.25,2.79,3.21,0.0,3.22,-2.01,4.61,-39.93
431190,케이쓰리아이,기타,4385.0,-8.51,0.97,0.0,0.0,0.0,3.28,47.15,91.48,5.41
038620,위즈코프,기타,2120.0,7.34,0.33,4.5,1.63,0.0,3.21,9.17,18.3,7.51
087600,픽셀플러스,기타,3890.0,9.15,0.3,3.28,2.79,0.0,3.18,-2.51,-1.64,-35.49
159910,에코글로우,기타,3035.0,-4.33,1.6,0.0,0.0,0.0,3.18,-5.16,-2.72,-15.34
356890,싸이버원,기타,2625.0,-25.99,0.79,0.0,0.0,0.0,3.14,10.76,25.9,-26.26
364950,에이아이코리아,기타,3935.0,-40.99,0.57,0.0,0.0,0.0,3.26,11.63,-0.63,-38.03
080520,오디텍,기타,2850.0,37.5,0.25,0.67,55.97,0.0,3.23,3.26,0.18,-31.24
462980,아이지넷,기타,1766.0,12.52,1.46,11.66,1.07,0.0,3.22,12.48,27.97,-15.5
037330,인지디스플레,기타,726.0,5.26,0.17,3.23,1.63,0.0,3.19,-0.41,-24.84,-48.8
318020,포인트모바일,기타,2580.0,11.42,0.6,5.25,2.18,0.0,3.17,-3.55,33.06,-21.7
021650,한국큐빅,기타,1945.0,6.9,0.32,4.64,1.49,0.0,3.18,-2.6,-5.58,-8.9
031510,오스템,기타,1131.0,34.27,0.42,1.23,27.86,0.0,3.17,-1.22,2.45,11.87
208860,다산디엠씨,기타,9390.0,-4.37,0.57,0.0,0.0,0.0,3.19,-27.94,-4.38,-19.05
003535,한화투자증권우,기타,6460.0,0.0,0.0,0.0,0.0,0.0,3.1,-4.01,11.76,-25.66
337840,유엑스엔,기타,6310.0,-98.59,-1.69,0.0,0.0,0.0,3.14,0.96,1.94,-7.21
073540,에프알텍,기타,2765.0,15.11,0.52,3.44,4.39,0.0,3.15,22.35,26.26,-30.18
263920,휴엠앤씨,기타,3250.0,20.31,0.7,3.45,5.89,0.0,3.19,0.93,-18.44,-12.63
012620,원일특강,기타,7260.0,3.89,0.19,4.88,0.8,0.0,3.19,2.98,8.04,-14.59
090370,메타랩스,기타,1148.0,-3.25,0.41,0.0,0.0,0.0,3.13,-5.28,7.49,-12.43
311390,네오크레마,기타,2515.0,10.66,0.43,4.03,2.65,0.0,3.18,4.36,-4.01,-39.4
258830,세종메디칼,기타,412.0,0.0,1.2,0.0,0.0,0.0,3.12,0.0,0.0,0.0
025440,DH오토웨어,기타,3195.0,-1.26,0.59,0.0,0.0,0.0,3.12,-6.03,-7.26,-23.38
032790,엠젠솔루션,기타,1198.0,-1.68,0.91,0.0,0.0,0.0,3.08,-14.37,18.85,-32.47
376980,원티드랩,기타,3160.0,24.12,0.74,3.07,7.86,0.0,3.09,4.29,39.51,-16.29
464280,티디에스팜,기타,5590.0,7.82,0.78,9.97,0.78,0.0,3.09,-4.77,-2.44,-32.89
069640,한세엠케이,기타,1424.0,-0.73,1.6,0.0,0.0,0.0,3.1,0.99,57.7,6.91
197140,디지캡,기타,2395.0,25.48,0.54,2.12,12.02,0.0,3.12,-1.03,13.51,25.39
064480,브리지텍,기타,2580.0,-11.17,0.65,0.0,0.0,0.0,3.08,-6.86,-5.84,-35.82
075970,동국알앤에스,기타,1664.0,52.0,0.39,0.75,69.33,0.0,3.06,1.9,-0.06,-25.05
019175,신풍제약우,기타,15400.0,0.0,0.0,0.0,0.0,0.0,3.07,6.06,28.33,-18.22
090410,덕신이피씨,기타,3335.0,19.85,0.25,1.26,15.75,0.0,3.07,-13.82,-9.38,-45.37
173940,에프엔씨엔터,기타,2025.0,-2.64,1.55,0.0,0.0,0.0,3.12,-3.8,-9.4,-49.38
091340,S&K폴리텍,기타,2705.0,10.02,0.31,3.09,3.24,0.0,3.17,7.13,30.36,6.92
452160,제이엔비,기타,3140.0,-87.22,0.77,0.0,0.0,0.0,3.02,0.16,2.95,-42.17
002680,한탑,기타,3925.0,12.15,0.51,4.2,2.89,0.0,3.04,56.69,109.89,24.21
407400,꿈비,기타,2105.0,-3.4,0.63,0.0,0.0,0.0,3.08,-0.94,5.51,-45.32
016600,큐캐피탈,기타,2270.0,227.0,2.89,1.27,178.74,0.0,3.17,-10.91,-12.3,-39.24
010400,우진아이엔에스,기타,4120.0,4.14,0.34,8.21,0.5,0.0,3.14,-3.29,-1.2,6.46
024070,WISCOM,기타,1974.0,22.43,0.34,1.52,14.76,0.0,3.03,4.11,10.22,-12.65
246250,에스엘에스바이오,기타,1969.0,89.5,2.25,2.51,35.66,0.0,3.02,0.0,0.0,0.0
462510,라메디텍,기타,3510.0,-2.98,1.59,0.0,0.0,0.0,3.09,34.74,30.24,-22.77
101670,하이드로리튬,기타,530.0,-0.83,0.48,0.0,0.0,0.0,3.01,5.16,-43.01,-72.41
025750,한솔홈데코,기타,1848.0,-1.33,0.3,0.0,0.0,0.0,2.98,-3.25,0.6,-25.63
099390,브레인즈컴퍼니,기타,3640.0,5.88,0.52,8.84,0.67,0.0,2.99,-7.26,13.22,-13.13
336060,웨이버스,기타,3135.0,11.0,0.7,6.36,1.73,0.0,3.02,3.47,11.57,-31.4
462310,뉴키즈온,기타,3890.0,-7.61,0.69,0.0,0.0,0.0,3.07,0.65,15.77,3.46
367000,플래티어,기타,3620.0,-6.7,0.9,0.0,0.0,0.0,3.04,4.93,20.87,-6.1
001070,대한방직,기타,5650.0,-49.13,0.13,0.0,0.0,0.0,2.99,-6.61,-2.59,-12.27
009190,대양금속,기타,654.0,3.87,0.37,9.56,0.4,0.0,2.94,-49.46,-68.86,-54.55
369370,블리츠웨이엔터테인먼트,기타,3045.0,-2.35,1.71,0.0,0.0,0.0,3.04,-15.42,-20.91,-42.06
464580,닷밀,기타,1635.0,25.95,0.9,3.47,7.48,0.0,3.01,4.61,23.58,-19.66
444530,심플랫폼,기타,4720.0,0.0,0.0,0.0,0.0,0.0,3.04,5.12,4.66,-55.13
388610,지에프씨생명과학,기타,5760.0,-4.06,2.28,0.0,0.0,0.0,3.07,13.83,21.01,-34.99
300120,라온피플,기타,3035.0,-1.23,0.65,0.0,0.0,0.0,3.0,-12.79,34.0,-37.55
262840,아이퀘스트,기타,2885.0,5.43,0.55,10.13,0.54,0.0,2.96,5.29,3.22,-16.86
020180,대신정보통신,기타,3860.0,25.91,3.81,14.7,1.76,0.0,2.97,-1.91,-12.57,-30.89
031310,아이즈비전,기타,994.0,2.69,0.16,5.95,0.45,0.0,2.96,-0.7,11.94,-40.76
226330,신테카바이오,기타,1220.0,-1.29,0.93,0.0,0.0,0.0,2.96,-6.08,-15.28,-54.81
038870,에코심플렉스,기타,2105.0,-13.07,0.38,0.0,0.0,0.0,2.95,15.91,-22.32,-19.81
070590,인티큐브,기타,2215.0,38.86,2.32,5.97,6.51,0.0,3.07,4.48,36.73,29.68
900070,글로벌에스엠,기타,1100.0,110.0,0.51,0.46,239.13,0.0,2.96,9.67,7.0,-9.84
071850,캐스텍코리아,기타,1218.0,-1.39,0.53,0.0,0.0,0.0,2.95,-5.07,-15.59,-18.09
128540,에코캡,기타,1116.0,-12.13,0.27,0.0,0.0,0.0,2.98,-4.45,-12.68,-39.58
033540,파라텍,기타,2820.0,-0.97,0.26,0.0,0.0,0.0,2.95,-12.29,-40.82,-41.92
050110,캠시스,기타,5000.0,-4.04,1.33,0.0,0.0,0.0,2.92,-13.64,18.4,-47.69
237820,플레이디,기타,2280.0,4.98,0.32,6.43,0.77,0.0,2.92,-1.51,-21.11,-46.42
036420,콘텐트리중앙,기타,1528.0,-0.33,0.2,0.0,0.0,0.0,2.94,-2.05,17.54,-71.01
317240,TS트릴리온,기타,999.0,-11.35,0.97,0.0,0.0,0.0,2.91,-7.93,42.71,-19.63
097780,에코볼트,기타,1442.0,-2.14,0.17,0.0,0.0,0.0,2.93,-20.2,-0.21,-12.61
025890,한국주강,기타,2620.0,39.1,0.85,2.17,18.02,0.0,2.92,2.14,18.82,21.86
188260,세니젠,기타,2100.0,0.0,0.0,0.0,0.0,0.0,2.92,3.19,-0.24,-2.55
079170,한창산업,기타,5600.0,0.0,0.0,0.0,0.0,0.0,2.91,-5.56,21.74,-12.36
038950,파인디지털,기타,2830.0,-25.27,0.25,0.0,0.0,0.0,2.89,-12.65,-4.87,-18.91
373170,엠아이큐브솔루션,기타,1879.0,0.0,0.0,0.0,0.0,0.0,2.84,-13.61,4.04,-32.17
088790,진도,기타,2290.0,31.37,0.26,0.83,37.8,0.0,2.85,-2.97,-7.29,-5.57
351330,이삭엔지니어링,기타,3545.0,-3.41,0.85,0.0,0.0,0.0,2.94,3.05,-5.21,-55.3
333050,이노테나,기타,5930.0,61.13,6.25,10.22,5.98,0.0,2.92,18.72,16.27,-14.92
318010,팜스빌,기타,3650.0,10.03,0.42,4.19,2.39,0.0,2.89,-2.28,1.11,5.04
308170,씨티알모빌리티,기타,3395.0,-9.05,0.34,0.0,0.0,0.0,2.92,-3.69,-5.03,-31.83
109960,앱토크롬,기타,1875.0,-3.56,0.07,0.0,0.0,0.0,2.84,0.43,9.08,-36.44
019570,GMI벤처,기타,2960.0,6.85,0.49,7.15,0.96,0.0,2.83,5.34,23.08,-32.88
130500,GH신소재,기타,1977.0,-5.8,0.36,0.0,0.0,0.0,2.88,6.01,12.97,-19.31
311060,엘에이티,기타,3600.0,360.0,2.53,0.7,514.29,0.0,2.83,10.26,0.0,3.15
068050,팬엔터테인먼트,기타,1032.0,-3.71,0.41,0.0,0.0,0.0,2.86,-13.71,-10.18,-26.91
187270,신화콘텍,기타,2855.0,9.36,0.37,3.95,2.37,0.0,2.9,-9.51,3.07,-21.89
043220,티에스넥스젠,기타,1710.0,-0.71,1.55,0.0,0.0,0.0,2.82,0.0,0.0,0.0
023150,MH에탄올,기타,4570.0,-14.15,0.49,0.0,0.0,0.0,2.83,11.6,1.9,13.12
068100,케이웨더,기타,2335.0,-13.42,2.01,0.0,0.0,0.0,2.79,3.78,6.14,-3.11
088340,유라클,기타,6350.0,-4.04,1.29,0.0,0.0,0.0,2.77,-7.3,5.31,-44.1
027040,서울전자통신,기타,2000.0,-5.21,3.18,0.0,0.0,0.0,2.78,11.86,5.82,-16.67
239610,에이치엘사이언스,기타,5290.0,-2.39,0.33,0.0,0.0,0.0,2.85,-1.12,1.54,-33.88
119500,포메탈,기타,2375.0,0.0,0.0,0.0,0.0,0.0,2.81,-4.43,-3.85,-46.02
093380,풍강,기타,3015.0,37.22,0.41,1.1,33.84,0.0,2.98,-1.31,20.6,15.08
254120,자비스,기타,910.0,-7.05,1.12,0.0,0.0,0.0,2.8,-11.13,13.04,-42.37
089150,케이씨티,기타,1625.0,0.0,0.0,0.0,0.0,0.0,2.79,-13.43,-9.87,-50.0
006570,대림통상,기타,1890.0,-1.7,0.75,0.0,0.0,0.0,2.88,-0.53,-12.9,-3.72
131220,대한과학,기타,3725.0,8.47,0.62,7.32,1.16,0.0,2.78,-0.53,2.9,-19.02
043340,에쎈테크,기타,588.0,-18.97,2.19,0.0,0.0,0.0,2.79,-28.99,-25.0,-46.45
355390,크라우드웍스,기타,1740.0,-0.96,1.38,0.0,0.0,0.0,2.77,22.19,2.35,-44.76
160550,NEW,기타,999.0,35.68,0.31,0.87,41.01,0.0,2.79,-0.3,-12.67,-38.33
067010,이씨에스,기타,2565.0,50.29,0.57,1.13,44.5,0.0,2.79,0.59,19.63,15.84
290560,파라택시스이더리움,기타,1249.0,0.0,0.0,0.0,0.0,0.0,2.79,-3.1,12.12,-20.4
101400,엔시트론,기타,1822.0,-16.41,0.58,0.0,0.0,0.0,2.76,8.13,11.1,-26.97
007770,한일화학,기타,7870.0,-1.51,0.31,0.0,0.0,0.0,2.76,-2.36,20.15,2.47
288620,에스프리즘,기타,3910.0,-1.25,0.6,0.0,0.0,0.0,2.73,2.36,-12.33,-63.08
376180,피코그램,기타,1447.0,0.0,0.0,0.0,0.0,0.0,2.69,2.19,2.84,-41.65
383930,디티앤씨알오,기타,2170.0,-13.82,0.97,0.0,0.0,0.0,2.77,42.11,29.32,-27.67
017000,신원종합개발,기타,2305.0,4.86,0.25,5.14,0.95,0.0,2.69,-6.11,-7.06,-18.69
195500,마니커에프앤지,기타,1723.0,9.16,0.36,3.93,2.33,0.0,2.75,-3.53,10.73,-34.61
003680,한성기업,기타,4435.0,9.7,0.38,3.92,2.47,0.0,2.75,-7.7,-31.87,-10.85
114630,폴라리스우노,기타,1565.0,10.94,0.21,1.92,5.7,0.0,2.7,5.6,-11.28,-31.96
008470,부스타,기타,1640.0,17.63,0.34,1.93,9.13,0.0,2.76,-3.42,-12.06,-10.14
475660,에스켐,기타,3405.0,20.15,0.71,3.52,5.72,0.0,2.7,2.71,-0.44,-29.28
290270,휴네시온,기타,2860.0,4.86,0.52,10.7,0.45,0.0,2.75,-2.56,7.72,-24.93
078590,휴림에이텍,기타,2735.0,0.0,0.0,0.0,0.0,0.0,2.73,-12.2,32.77,-48.88
450520,인스웨이브,기타,1871.0,-7.93,0.68,0.0,0.0,0.0,2.75,-2.45,7.53,-36.03
148250,알엔투테크놀로지,기타,2010.0,-4.69,0.48,0.0,0.0,0.0,2.74,11.79,-10.86,-36.79
038880,아이에이,기타,3560.0,-0.77,0.5,0.0,0.0,0.0,2.68,6.75,48.64,-29.64
398120,에스지헬스케어,기타,2300.0,27.71,1.06,3.83,7.23,0.0,2.72,31.05,10.31,-31.24
048470,대동스틸,기타,2915.0,64.78,0.4,0.62,104.48,0.0,2.81,3.92,15.9,-10.86
058110,멕아이씨에스,기타,1699.0,-10.75,0.72,0.0,0.0,0.0,2.73,8.35,-8.16,-36.13
139670,키네마스터,기타,1897.0,7.87,1.06,13.47,0.58,0.0,2.68,-2.07,32.56,1.72
236810,엔비티,기타,1587.0,-5.94,1.23,0.0,0.0,0.0,2.69,-12.08,61.28,-8.21
016670,디모아,기타,2620.0,3.12,0.21,6.73,0.46,0.0,2.67,4.17,11.25,-29.09
368970,오에스피,기타,2420.0,-5.15,0.53,0.0,0.0,0.0,2.72,-7.28,9.01,-5.69
359090,씨엔알리서치,기타,2330.0,10.26,0.54,5.26,1.95,0.0,2.68,17.62,21.8,-32.76
403360,라피치,기타,7150.0,-15.18,2.91,0.0,0.0,0.0,2.69,11.72,8.83,3.77
091970,LSK아이로봇,기타,3575.0,-3.06,1.29,0.0,0.0,0.0,2.69,-8.33,-5.05,-5.55
198940,한주라이트메탈,기타,1362.0,-9.94,0.59,0.0,0.0,0.0,2.72,3.97,-4.42,-20.91
225220,제놀루션,기타,1456.0,-2.4,0.38,0.0,0.0,0.0,2.79,5.66,7.06,-15.2
047080,한빛소프트,기타,1081.0,5.15,1.55,30.1,0.17,0.0,2.68,-1.28,5.98,-15.08
140430,카티스,기타,2505.0,-26.37,3.9,0.0,0.0,0.0,2.68,44.38,51.82,-33.38
215790,이노인스트루먼트,기타,666.0,-2.41,0.79,0.0,0.0,0.0,2.68,2.46,-21.46,-71.11
080530,코디,기타,2480.0,4.77,0.47,9.85,0.48,0.0,2.75,-1.0,-0.6,-39.14
007120,미래아이앤지,기타,974.0,-3.43,0.51,0.0,0.0,0.0,2.66,-16.82,-22.88,-44.6
002690,동일제강,기타,1303.0,-54.29,0.17,0.0,0.0,0.0,2.65,-9.95,-14.67,-15.28
365590,하이딥,기타,1503.0,0.0,0.0,0.0,0.0,0.0,2.77,-4.02,-28.84,-58.84
191410,육일씨엔에쓰,기타,1720.0,13.03,0.92,7.06,1.85,0.0,2.67,-4.28,43.33,-17.51
297570,아틀라스링크,기타,3985.0,5.56,0.6,10.79,0.52,0.0,2.76,-8.29,-26.2,-48.65
115480,씨유메디칼,기타,2205.0,32.43,0.45,1.39,23.33,0.0,2.67,-10.0,22.43,-19.53
043200,파루,기타,1265.0,-6.42,1.1,0.0,0.0,0.0,2.64,5.42,13.76,-31.32
351870,차이커뮤니케이션,기타,2395.0,22.18,0.5,2.25,9.86,0.0,2.67,-6.63,28.42,-40.27
006740,블루산업개발,기타,4445.0,-0.85,0.26,0.0,0.0,0.0,2.65,-14.91,-13.59,-34.75
066910,손오공,기타,1718.0,23.53,0.47,2.0,11.77,0.0,2.64,-12.44,-9.58,-49.47
118000,메타케어,기타,1210.0,40.33,0.17,0.42,96.02,0.0,2.67,-8.47,-12.89,-41.83
069140,누리플랜,기타,1760.0,110.0,0.64,0.58,189.66,0.0,2.66,-3.03,1.85,-0.23
032750,삼진,기타,2925.0,6.79,0.24,3.53,1.92,0.0,2.64,-1.85,5.03,-14.35
060230,제이케이시냅스,기타,1319.0,-0.5,0.16,0.0,0.0,0.0,2.58,6.37,17.14,-32.01
016920,카스,기타,1021.0,-16.21,0.37,0.0,0.0,0.0,2.62,-8.92,9.08,2.2
069410,엔텔스,기타,2565.0,8.3,0.45,5.42,1.53,0.0,2.63,-2.66,-13.78,-48.18
013720,청보,기타,2150.0,-2.01,0.45,0.0,0.0,0.0,2.62,-8.7,2.38,-21.48
363260,모비데이즈,기타,4065.0,8.67,0.65,7.5,1.16,0.0,2.61,-11.24,5.31,-41.43
290520,신도기연,기타,1695.0,14.87,0.45,3.03,4.91,0.0,2.67,9.21,14.22,-37.68
458350,에스팀,기타,3080.0,12.89,1.74,13.5,0.95,0.0,2.67,-4.79,-15.5,-60.41
006490,프리티,기타,1461.0,-0.52,1.45,0.0,0.0,0.0,2.59,3.18,-40.22,-56.6
096630,에스코넥,기타,1680.0,0.75,0.3,40.0,0.02,0.0,2.67,-7.95,-2.78,-51.59
006345,대원전선우,기타,9820.0,0.0,0.0,0.0,0.0,0.0,2.57,-0.91,-8.22,-58.3
123840,뉴온,기타,1660.0,-0.16,0.11,0.0,0.0,0.0,2.58,-1.37,-24.55,-62.4
146060,율촌,기타,1082.0,7.96,0.49,6.16,1.29,0.0,2.6,0.46,17.35,-17.78
002355,넥센타이어1우B,기타,3960.0,0.0,0.0,0.0,0.0,0.0,2.57,1.15,0.76,-7.37
238490,힘스,기타,2255.0,9.4,0.35,3.72,2.53,0.0,2.55,-5.65,-1.96,-32.18
105550,엣지파운드리,기타,1648.0,1.58,0.18,11.39,0.14,0.0,2.58,-12.48,-16.13,-56.8
033050,제이엠아이,기타,806.0,7.68,0.44,5.73,1.34,0.0,2.57,-2.3,4.81,-18.99
134060,이퓨쳐,기타,5380.0,0.0,0.0,0.0,0.0,0.0,2.57,-3.41,13.74,27.34
033250,체시스,기타,4010.0,4.07,0.57,14.0,0.29,0.0,2.57,-8.66,23.57,-10.09
060380,동양에스텍,기타,1324.0,19.19,0.22,1.15,16.69,0.0,2.61,3.28,12.39,-10.42
103840,우양,기타,1578.0,-19.73,0.59,0.0,0.0,0.0,2.58,-6.18,-21.1,-46.51
079000,와토스코리아,기타,3580.0,0.0,0.0,0.0,0.0,0.0,2.58,-12.04,-20.53,-47.58
004270,남성,기타,5590.0,-6.83,0.22,0.0,0.0,0.0,2.55,12.47,-3.67,0.45
052300,오션인더블유,기타,1576.0,-1.39,0.1,0.0,0.0,0.0,2.56,7.5,9.75,12.57
032860,더라미,기타,3560.0,58.36,2.53,4.34,13.45,0.0,2.88,28.06,13.02,-31.01
057680,티사이언티픽,기타,1645.0,-18.28,0.14,0.0,0.0,0.0,2.6,-10.65,-10.55,-30.88
072770,멤레이비티,기타,612.0,-1.11,0.54,0.0,0.0,0.0,2.54,-31.08,-19.79,-56.72
900310,컬러레이,기타,2030.0,169.17,0.47,0.28,604.18,0.0,2.6,-10.18,2.01,-15.94
206400,베노티앤알,기타,676.0,-1.06,0.35,0.0,0.0,0.0,2.54,-7.02,-31.65,-36.41
054090,삼진엘앤디,기타,1011.0,-2.65,0.66,0.0,0.0,0.0,2.52,-2.79,10.25,-8.17
378800,샤페론,기타,2720.0,-1.25,1.02,0.0,0.0,0.0,2.52,6.67,4.82,-67.62
415380,스튜디오삼익,기타,2210.0,7.54,0.73,9.68,0.78,0.0,2.53,8.6,16.93,3.76
148780,비큐AI,기타,3975.0,-32.85,2.23,0.0,0.0,0.0,2.5,5.58,100.55,-27.0
090150,아이윈,기타,5910.0,2.87,0.51,17.77,0.16,0.0,2.47,-4.52,23.64,-30.31
138070,신진에스엠,기타,1398.0,-63.55,0.31,0.0,0.0,0.0,2.45,-7.42,9.22,-18.29
003060,에이프로젠바이오로직스,기타,1560.0,-0.12,0.09,0.0,0.0,0.0,2.54,-14.19,-22.0,-58.62
206950,볼빅,기타,1778.0,-16.31,1.79,0.0,0.0,0.0,2.5,-5.22,23.56,1.6
096690,에이루트,기타,6250.0,-1.49,0.25,0.0,0.0,0.0,2.51,-10.97,17.48,-20.18
328380,솔트웨어,기타,3820.0,30.81,1.11,3.6,8.56,0.0,2.62,-5.09,57.2,-2.43
322780,코퍼스코리아,기타,1611.0,-0.94,0.54,0.0,0.0,0.0,2.45,-14.31,-3.82,-29.65
001380,SG글로벌,기타,1105.0,8.84,0.16,1.81,4.88,0.0,2.48,-14.14,-15.52,-35.0
115530,씨엔플러스,기타,2850.0,-7.87,2.84,0.0,0.0,0.0,2.45,-2.4,64.08,-15.18
083660,CSA 코스믹,기타,1422.0,-1.75,0.83,0.0,0.0,0.0,2.48,-8.2,-11.29,-42.38
001810,무림SP,기타,1103.0,-14.14,0.12,0.0,0.0,0.0,2.44,-6.21,-6.13,-25.57
021880,메이슨캐피탈,기타,1162.0,-6.6,0.32,0.0,0.0,0.0,2.47,-11.5,-27.78,-51.28
368600,아이씨에이치,기타,956.0,-0.76,0.69,0.0,0.0,0.0,2.47,-3.82,56.46,-6.73
016100,리더스코스메틱,기타,1298.0,-2.98,0.83,0.0,0.0,0.0,2.48,11.9,22.22,-23.47
243870,아이티센코어,기타,8490.0,-4.01,1.19,0.0,0.0,0.0,2.46,1.07,1.07,-29.07
317120,라닉스,기타,1584.0,-2.62,1.13,0.0,0.0,0.0,2.42,9.17,23.36,-31.13
115160,휴맥스,기타,5720.0,-0.32,0.27,0.0,0.0,0.0,2.46,8.75,-4.03,-17.82
354390,바스칸바이오제약,기타,3485.0,8.73,0.81,9.28,0.94,0.0,2.45,-2.52,5.77,-27.24
177830,파버나인,기타,2125.0,-7.76,0.33,0.0,0.0,0.0,2.41,-4.71,-12.73,-23.15
102950,아하,기타,1860.0,-10.81,0.37,0.0,0.0,0.0,2.44,9.15,9.48,-18.78
318000,KBG,기타,2715.0,9.14,0.5,5.47,1.67,0.0,2.37,-3.55,-9.8,-36.12
053290,NE능률,기타,1480.0,-4.85,0.3,0.0,0.0,0.0,2.45,-11.64,5.64,-21.57
131180,딜리,기타,4185.0,25.52,1.88,7.37,3.46,0.0,2.46,-0.71,8.7,-11.05
193250,링크드,기타,1822.0,-8.64,0.4,0.0,0.0,0.0,2.44,-20.22,40.02,-7.93
003495,대한항공우,기타,22000.0,0.0,0.0,0.0,0.0,0.0,2.44,0.0,-1.12,-3.93
044780,에이치케이,기타,1321.0,5.35,0.38,7.1,0.75,0.0,2.44,-5.71,8.63,-14.11
389680,유디엠텍,기타,2890.0,-22.23,8.89,0.0,0.0,0.0,2.4,46.48,78.29,-18.93
464500,아이언디바이스,기타,1715.0,-5.28,0.9,0.0,0.0,0.0,2.4,-1.04,-5.35,-52.16
123750,알톤,기타,1731.0,101.82,1.09,1.07,95.16,0.0,2.39,0.12,-23.07,-15.56
083640,인콘,기타,5210.0,-140.81,4.85,0.0,0.0,0.0,2.39,-4.23,-6.71,-30.03
101680,한국정밀기계,기타,2840.0,15.87,0.57,3.59,4.42,0.0,2.39,3.27,40.25,5.97
357430,마스턴프리미어리츠,기타,776.0,-5.21,0.25,0.0,0.0,0.0,2.37,-20.82,30.42,-28.81
267790,배럴,기타,3095.0,6.6,0.6,9.09,0.73,0.0,2.38,-9.5,-9.64,-10.81
219750,한국비티비,기타,1809.0,-603.0,4.12,0.0,0.0,0.0,2.37,12.01,-9.5,-51.63
301300,바이브컴퍼니,기타,1722.0,-1.25,0.53,0.0,0.0,0.0,2.27,-9.89,29.86,-22.78
023770,플레이위드,기타,2675.0,-3.4,1.23,0.0,0.0,0.0,2.39,-7.6,11.46,1.71
070300,퀀텀레일,기타,660.0,50.77,0.48,0.95,53.44,0.0,2.34,-58.22,-62.11,-71.79
208350,지란지교시큐리티,기타,2895.0,13.79,0.45,3.26,4.23,0.0,2.35,-4.46,-4.3,-8.1
039740,한국정보공학,기타,2945.0,10.99,0.45,4.09,2.69,0.0,2.36,-4.07,-4.07,-29.12
065370,위세아이텍,기타,3170.0,16.09,0.71,4.41,3.65,0.0,2.34,7.28,-0.94,-34.23
278990,EMB,기타,2900.0,-1.17,0.72,0.0,0.0,0.0,2.34,-6.45,21.59,12.84
009310,참엔지니어링,기타,5330.0,-1.26,0.28,0.0,0.0,0.0,2.33,0.0,0.0,0.0
065690,파커스,기타,1937.0,4.06,0.44,10.84,0.37,0.0,2.33,5.1,71.87,45.42
035200,프럼파스트,기타,2530.0,24.1,0.52,2.16,11.16,0.0,2.33,-13.21,-9.64,-30.68
405920,나라셀라,기타,1925.0,275.0,0.38,0.14,1964.29,0.0,2.48,6.12,7.12,-23.31
020400,대동금속,기타,2560.0,-1.4,0.18,0.0,0.0,0.0,2.32,-11.27,-14.95,-37.33
206560,덱스터,기타,907.0,-3.76,0.62,0.0,0.0,0.0,2.3,-3.82,-16.56,-56.81
429270,시지트로닉스,기타,3205.0,-2.54,0.61,0.0,0.0,0.0,2.3,3.89,-8.03,-65.5
331660,한국미라클피플사,기타,4200.0,5.07,-4.84,-95.46,0.0,0.0,2.31,7.42,10.53,10.53
051380,피씨디렉트,기타,1505.0,-35.0,0.57,0.0,0.0,0.0,2.31,-5.7,-11.47,-33.11
207490,에이펙스인텍,기타,6400.0,0.0,0.0,0.0,0.0,0.0,2.3,-3.03,-3.03,-5.88
187220,디티앤씨,기타,1998.0,11.1,0.24,2.16,5.14,0.0,2.3,1.83,-14.43,-29.02
032680,소프트센,기타,999.0,-9.89,0.41,0.0,0.0,0.0,2.3,10.75,20.22,-25.45
417180,핑거스토리,기타,4015.0,3.93,0.45,11.45,0.34,0.0,2.29,-9.88,4.83,-49.18
036480,대성미생물,기타,6030.0,-12.94,0.65,0.0,0.0,0.0,2.29,-2.11,-1.47,-9.87
012170,아센디오,기타,3140.0,-0.49,0.94,0.0,0.0,0.0,2.29,4.32,267.68,173.28
131100,티엔엔터테인먼트,기타,3550.0,46.1,1.52,3.3,13.97,0.0,2.29,56.39,-12.13,-41.23
076080,웰크론한텍,기타,1019.0,-0.53,1.65,0.0,0.0,0.0,2.3,-9.42,2.31,5.49
076340,지에이이노더스,기타,4690.0,1.57,0.21,13.38,0.12,0.0,2.28,14.53,7.2,-0.32
188040,바이오포트,기타,5120.0,-16.36,0.58,0.0,0.0,0.0,2.4,4.49,-1.35,-13.95
377330,이지트로닉스,기타,2845.0,-1.87,0.59,0.0,0.0,0.0,2.32,3.45,27.29,-19.52
027580,상보,기타,1920.0,-1.76,0.5,0.0,0.0,0.0,2.27,13.74,49.88,-35.79
115610,이미지스,기타,1897.0,-8.74,6.78,0.0,0.0,0.0,2.24,18.41,48.55,-28.55
200230,텔콘RF제약,기타,2330.0,-1.05,0.15,0.0,0.0,0.0,2.21,4.48,6.88,-47.82
257370,피엔티엠에스,기타,1812.0,15.36,0.76,4.95,3.1,0.0,2.27,-7.08,-23.38,-39.09
032800,판타지오,기타,1491.0,-1.21,0.44,0.0,0.0,0.0,2.25,0.81,-1.71,-14.8
336040,타스컴,기타,3900.0,-12.04,14.13,0.0,0.0,0.0,2.26,-2.26,56.0,-6.92
054940,엑사이엔씨,기타,3870.0,40.74,0.37,0.91,44.77,0.0,2.57,-2.64,22.27,0.39
018680,서울제약,기타,1935.0,13.25,0.56,4.23,3.13,0.0,2.26,-1.83,-14.38,-25.58
237750,피앤씨테크,기타,3355.0,9.75,0.32,3.28,2.97,0.0,2.18,-2.19,-16.23,-38.67
298060,풍전약품,기타,2335.0,75.32,0.57,0.76,99.11,0.0,2.25,-7.52,-13.68,-49.62
432980,엠에프씨,기타,2665.0,-19.31,0.75,0.0,0.0,0.0,2.29,5.13,-7.94,-23.53
033200,모아텍,기타,2435.0,-52.93,0.33,0.0,0.0,0.0,2.24,-3.75,-9.31,-38.35
154040,다산솔루에타,기타,10100.0,-9.39,4.64,0.0,0.0,0.0,2.18,-4.27,29.65,-11.64
013810,스페코,기타,1518.0,-253.0,0.5,0.0,0.0,0.0,2.22,-3.44,-15.24,-40.24
192390,윈하이텍,기타,1879.0,-3.1,0.29,0.0,0.0,0.0,2.25,5.68,-0.21,4.39
238200,비피도,기타,2725.0,-113.54,0.49,0.0,0.0,0.0,2.23,1.87,6.86,-8.09
215480,토박스코리아,기타,2070.0,-15.68,0.59,0.0,0.0,0.0,2.22,-0.96,11.71,-4.17
017250,인터엠,기타,1068.0,11.01,0.51,4.63,2.38,0.0,2.25,1.14,8.54,0.09
007720,소노스퀘어,기타,1117.0,-8.34,0.3,0.0,0.0,0.0,2.25,-9.99,-29.7,-44.81
424760,벨로크,기타,2210.0,-36.23,1.76,0.0,0.0,0.0,2.23,-9.8,13.98,-41.46
352940,인바이오,기타,2030.0,34.41,0.53,1.54,22.34,0.0,2.21,1.5,1.25,-9.58
303530,이노뎁,기타,3020.0,-7.35,0.62,0.0,0.0,0.0,2.22,1.34,-15.88,-34.63
361670,삼영에스앤씨,기타,3920.0,-19.7,1.15,0.0,0.0,0.0,2.22,11.05,24.44,27.07
043590,웰킵스하이텍,기타,1800.0,-7.53,0.69,0.0,0.0,0.0,2.44,21.95,50.5,13.21
004870,티웨이홀딩스,기타,973.0,-5.26,0.73,0.0,0.0,0.0,2.2,-13.89,-17.19,-14.05
222980,한국맥널티,기타,2045.0,-17.78,0.66,0.0,0.0,0.0,2.26,-9.11,-1.68,-8.5
098660,에스티오,기타,1725.0,-4.49,0.93,0.0,0.0,0.0,2.16,9.11,-0.17,2.5
039310,세중,기타,1213.0,12.13,0.22,1.81,6.7,0.0,2.2,-11.07,15.85,-13.54
053060,세동,기타,1230.0,3.69,0.54,14.63,0.25,0.0,2.17,-1.44,-20.54,-9.49
032080,아즈텍WB,기타,1010.0,-10.63,0.2,0.0,0.0,0.0,2.17,-7.93,9.07,-15.2
115570,스타플렉스,기타,2700.0,6.22,0.3,4.82,1.29,0.0,2.16,3.05,9.76,-3.74
018700,졸스,기타,1288.0,-5.78,0.56,0.0,0.0,0.0,2.15,-10.06,17.2,-18.64
331520,밸로프,기타,2215.0,12.44,0.67,5.39,2.31,0.0,2.17,-4.11,10.86,-14.97
179720,머니무브,기타,7800.0,0.0,0.0,0.0,0.0,0.0,2.15,39.29,-1.27,-18.75
059180,엔더블유시,기타,4035.0,-12.38,5.4,0.0,0.0,0.0,2.14,1.64,-8.61,-17.23
032280,삼일,기타,1327.0,17.46,0.33,1.89,9.24,0.0,2.15,-2.43,10.58,-2.64
054220,비츠로시스,기타,1700.0,13.39,1.07,7.99,1.68,0.0,2.14,0.35,15.72,-37.96
347770,핌스,기타,934.0,-2.59,0.46,0.0,0.0,0.0,2.12,-0.43,-1.37,-51.66
095910,에스에너지,기타,583.0,-1.05,0.41,0.0,0.0,0.0,2.12,-6.12,-26.11,-72.3
083470,이엠앤아이,기타,990.0,-4.58,2.04,0.0,0.0,0.0,2.11,9.15,20.0,3.88
317860,노드메이슨,기타,4700.0,-6.19,9.63,0.0,0.0,0.0,2.12,17.5,4.44,4.44
277410,인산가,기타,5650.0,33.24,0.33,0.99,33.58,0.0,2.17,0.89,-29.38,-45.67
340440,세림B&G,기타,3735.0,45.55,3.12,6.85,6.65,0.0,2.12,-2.23,-23.78,-58.91
045520,크린앤사이언스,기타,3255.0,-6.27,1.18,0.0,0.0,0.0,2.12,26.41,15.63,8.14
071950,코아스,기타,1435.0,-0.26,0.49,0.0,0.0,0.0,2.07,-22.39,-18.97,-3.69
342870,오아,기타,3850.0,-6.35,0.45,0.0,0.0,0.0,2.1,7.69,-2.04,-40.95
044480,빌리언스,기타,3000.0,-0.92,0.39,0.0,0.0,0.0,2.0,-24.63,-40.63,-54.92
008775,호텔신라우,기타,28100.0,0.0,0.0,0.0,0.0,0.0,2.11,-3.6,-4.75,-24.56
067730,로지시스,기타,2195.0,0.0,0.0,0.0,0.0,0.0,2.12,-2.44,4.28,-27.08
241840,에이스토리,기타,2195.0,-2.94,0.41,0.0,0.0,0.0,2.09,-10.04,-8.73,-50.34
030720,동원수산,기타,4460.0,2.68,0.37,13.81,0.19,0.0,2.08,-16.48,-24.28,-34.51
440320,오픈놀,기타,2090.0,-3.15,0.59,0.0,0.0,0.0,2.09,-9.52,-0.71,-51.34
043360,디지아이,기타,2290.0,-10.85,0.5,0.0,0.0,0.0,2.06,-11.92,5.29,-16.73
024940,PN풍년,기타,2040.0,7.08,0.37,5.23,1.35,0.0,2.04,6.81,0.99,-29.04
362990,드림인사이트,기타,1229.0,-51.21,0.61,0.0,0.0,0.0,2.06,0.41,-1.36,-20.45
023790,동일스틸럭스,기타,1540.0,0.0,0.0,0.0,0.0,0.0,2.01,-3.8,52.77,-38.28
353190,휴럼,기타,2605.0,17.72,0.48,2.71,6.54,0.0,2.05,-2.07,-1.7,-12.73
274400,이노시뮬레이션,기타,2300.0,-2.73,0.82,0.0,0.0,0.0,2.09,2.91,15.81,-37.75
079950,인베니아,기타,1487.0,-0.87,0.67,0.0,0.0,0.0,2.05,-0.2,69.36,54.9
113810,디젠스,기타,3135.0,27.5,0.86,3.13,8.79,0.0,2.05,0.16,34.84,-5.43
130740,티피씨글로벌,기타,1819.0,-43.31,0.31,0.0,0.0,0.0,2.05,-9.05,-1.89,-7.38
372800,아이티아이즈,기타,2875.0,-1.83,1.91,0.0,0.0,0.0,2.02,-3.52,-1.2,-24.34
403810,아이엘로보틱스,기타,2050.0,0.0,0.0,0.0,0.0,0.0,2.04,-8.89,-9.69,-10.87
065060,지엔코,기타,3400.0,-1.16,0.4,0.0,0.0,0.0,2.04,0.59,22.74,23.19
247660,나노씨엠에스,기타,3890.0,-1.91,0.88,0.0,0.0,0.0,2.03,8.06,34.14,-16.97
252500,세화피앤씨,기타,2435.0,30.44,2.44,8.02,3.8,0.0,2.02,6.56,-4.51,-39.5
275630,에스에스알,기타,3990.0,-14.46,0.85,0.0,0.0,0.0,2.1,-6.56,3.91,-1.48
069330,유아이디,기타,1194.0,12.44,0.81,6.51,1.91,0.0,2.02,-7.8,13.71,13.28
438700,버넥트,기타,1836.0,-4.06,0.68,0.0,0.0,0.0,2.05,4.62,3.73,-39.0
276730,한울앤제주,기타,853.0,-0.6,0.59,0.0,0.0,0.0,2.01,-34.08,-78.64,-70.6
405000,플라즈맵,기타,3925.0,-2.05,2.63,0.0,0.0,0.0,2.11,12.14,5.51,-45.18
289220,자이언트스텝,기타,922.0,-1.21,0.39,0.0,0.0,0.0,2.06,-10.75,-28.69,-64.94
001685,대상우,기타,14670.0,0.0,0.0,0.0,0.0,0.0,2.01,-0.2,3.67,-9.28
065150,대산F&B,기타,1230.0,2.33,0.8,34.33,0.07,0.0,1.96,-8.89,-57.51,-57.51
038530,케이바이오랩스,기타,3870.0,-5.6,0.34,0.0,0.0,0.0,2.0,-22.52,-6.75,-47.77
088290,이원컴포텍,기타,2515.0,-4.51,2.11,0.0,0.0,0.0,2.01,3.71,0.8,-20.16
063760,이엘피,기타,2180.0,7.81,0.29,3.71,2.11,0.0,2.03,-8.02,-15.18,-40.6
096870,엘디티,기타,2480.0,-62.0,1.1,0.0,0.0,0.0,2.07,4.86,18.1,8.06
270210,에스알바이오텍,기타,11700.0,0.0,0.0,0.0,0.0,0.0,2.0,-9.79,-13.65,-24.52
056730,CNT85,기타,1322.0,-73.44,1.27,0.0,0.0,0.0,1.96,3.44,-18.4,-48.56
353590,오토앤,기타,1579.0,-3.92,1.09,0.0,0.0,0.0,2.03,-6.18,1.61,-46.29
001420,태원물산,기타,2625.0,1.14,0.43,37.72,0.03,0.0,2.0,-6.58,-15.46,-13.79
019660,글로본,기타,1426.0,29.71,1.48,4.98,5.97,0.0,1.99,-4.93,-26.68,-33.98
021040,대호특수강,기타,937.0,-13.01,0.46,0.0,0.0,0.0,2.03,-2.9,2.63,-24.19
015020,이스타코,기타,928.0,-8.07,1.02,0.0,0.0,0.0,1.99,0.0,0.0,0.0
050760,에스폴리텍,기타,1218.0,-2.26,0.33,0.0,0.0,0.0,1.99,-5.95,-4.99,-2.56
080470,성창오토텍,기타,2715.0,2.33,0.33,14.16,0.16,0.0,1.98,-5.4,-9.5,-32.8
085810,알티캐스트,기타,1428.0,-18.55,0.35,0.0,0.0,0.0,2.02,-4.16,-12.39,-32.0
000040,KR모터스,기타,997.0,-7.33,0.39,0.0,0.0,0.0,1.96,-23.89,-25.32,-50.52
154030,아시아종묘,기타,1622.0,-14.35,0.81,0.0,0.0,0.0,1.96,-4.02,4.71,-14.41
005360,모나미,기타,1034.0,-1.85,0.24,0.0,0.0,0.0,1.95,-23.63,-39.43,-34.56
344860,이노진,기타,1298.0,0.0,0.0,0.0,0.0,0.0,1.95,-1.82,-2.48,-10.42
073190,듀오백,기타,1622.0,-5.44,1.16,0.0,0.0,0.0,1.94,0.0,147.26,47.86
048830,엔피케이,기타,1045.0,17.42,0.42,2.41,7.23,0.0,1.96,1.36,11.53,-5.86
227610,아우딘퓨쳐스,기타,990.0,-5.03,0.86,0.0,0.0,0.0,1.92,-7.48,-5.53,-37.66
214610,롤링스톤,기타,2290.0,-0.32,0.46,0.0,0.0,0.0,1.92,0.0,0.0,0.0
084440,유비온,기타,5100.0,15.0,2.65,17.67,0.85,0.0,1.95,-14.72,14.48,-4.94
455180,케이지에이,기타,1289.0,-1.65,0.43,0.0,0.0,0.0,1.9,2.06,-5.84,-52.26
322970,무진메디,기타,1879.0,-3.66,5.71,0.0,0.0,0.0,1.9,-3.64,-3.64,-36.63
403490,우듬지팜,기타,2055.0,-4.55,0.5,0.0,0.0,0.0,1.89,-8.05,-18.77,-60.82
031860,디에이치엑스컴퍼니,기타,6930.0,-0.37,0.59,0.0,0.0,0.0,1.87,0.0,0.0,0.0
222670,플럼라인생명과학,기타,4635.0,-4.24,-2.5,0.0,0.0,0.0,1.87,0.0,0.0,0.0
108675,LX하우시스우,기타,18270.0,0.0,0.0,0.0,0.0,0.0,1.89,-4.14,15.34,0.38
018620,우진비앤지,기타,2845.0,-11.11,0.64,0.0,0.0,0.0,1.97,3.27,0.53,-8.55
110020,전진바이오팜,기타,2055.0,4.25,1.05,24.71,0.17,0.0,1.86,3.37,17.77,-1.44
026910,광진실업,기타,2365.0,-3.12,0.76,0.0,0.0,0.0,1.88,-28.22,-49.25,8.49
434190,탈로스,기타,2495.0,28.03,1.16,4.14,6.77,0.0,1.84,-4.04,12.9,-28.71
365900,브이씨,기타,2485.0,-6.06,0.49,0.0,0.0,0.0,1.82,3.54,-3.87,-18.39
196700,웹스,기타,1292.0,4.52,0.46,10.18,0.44,0.0,1.86,-6.38,29.2,-24.93
051780,큐로홀딩스,기타,2305.0,-1.09,0.64,0.0,0.0,0.0,1.75,-7.8,-25.16,-62.46
014100,메디앙스,기타,1559.0,-3.06,0.26,0.0,0.0,0.0,1.84,-5.17,-10.14,-7.26
011090,에넥스,기타,1539.0,-13.99,0.45,0.0,0.0,0.0,1.82,17.93,65.48,-28.08
137940,넥스트아이,기타,1853.0,-0.39,0.36,0.0,0.0,0.0,1.82,-7.3,-11.13,-29.54
093240,형지엘리트,기타,296.0,1.97,0.15,7.61,0.26,0.0,1.82,-20.64,-32.42,-64.76
078860,아이오케이이엔엠,기타,2930.0,-0.99,0.25,0.0,0.0,0.0,1.81,9.12,6.93,-37.86
309930,조이웍스앤코,기타,951.0,-0.89,0.94,0.0,0.0,0.0,1.83,6.97,2.04,-66.16
195990,루트K,기타,1100.0,-0.32,0.29,0.0,0.0,0.0,1.79,-15.32,-12.7,-54.24
373110,엑셀세라퓨틱스,기타,1056.0,-1.31,2.56,0.0,0.0,0.0,1.83,-4.43,-6.88,-29.79
002070,비비안,기타,3715.0,-0.62,0.13,0.0,0.0,0.0,1.78,-28.83,24.12,-25.79
279600,미디어젠,기타,3875.0,-4.34,1.01,0.0,0.0,0.0,1.82,-0.64,7.49,-18.42
008600,윌비스,기타,2620.0,-0.48,0.28,0.0,0.0,0.0,1.76,0.0,0.0,0.0
009440,KC그린홀딩스,기타,756.0,-0.43,0.17,0.0,0.0,0.0,1.76,0.0,0.0,0.0
254160,제이엠멀티,기타,3395.0,161.67,3.42,2.12,76.26,0.0,1.75,2.88,6.43,-12.27
210120,캔버스엔,기타,1899.0,0.0,0.0,0.0,0.0,0.0,1.84,10.73,-4.62,-36.4
037400,우리엔터프라이즈,기타,3335.0,-5.81,0.12,0.0,0.0,0.0,1.75,-14.49,4.06,-32.76
224060,더코디,기타,3365.0,0.72,0.15,20.83,0.03,0.0,1.74,-25.39,-23.17,-37.8
169670,코스텍시스템,기타,5980.0,33.22,1.17,3.52,9.44,0.0,1.72,22.54,32.89,6.22
418620,E8,기타,555.0,-0.72,0.76,0.0,0.0,0.0,1.71,-1.42,-18.38,-56.3
052960,태양3C,기타,3485.0,4.39,0.37,8.43,0.52,0.0,1.7,-3.06,3.26,2.5
419540,비스토스,기타,2900.0,78.38,3.41,4.35,18.02,0.0,1.73,-11.31,-6.45,-33.87
482680,미래에셋비전스팩7호,기타,2055.0,128.44,1.02,0.79,162.58,0.0,1.69,0.0,0.0,0.0
477380,미래에셋비전스팩4호,기타,2085.0,59.57,1.12,1.88,31.69,0.0,1.69,0.0,0.97,1.46
241820,피씨엘,기타,6040.0,-0.3,2.36,0.0,0.0,0.0,1.68,0.0,0.0,0.0
034940,조아제약,기타,2690.0,-2.45,0.67,0.0,0.0,0.0,1.67,-7.4,-2.18,-38.3
306040,에스제이그룹,기타,1767.0,-1.94,0.14,0.0,0.0,0.0,1.64,-3.44,3.58,-63.19
050090,비케이홀딩스,기타,696.0,-6.82,0.85,0.0,0.0,0.0,1.64,-12.34,87.1,-1.97
469480,IBKS제24호스팩,기타,3790.0,114.85,1.88,1.64,70.03,0.0,1.6,14.85,14.85,11.21
009620,삼보산업,기타,4635.0,-2.9,12.66,0.0,0.0,0.0,1.62,6.55,42.18,6.67
005725,넥센우,기타,4490.0,0.0,0.0,0.0,0.0,0.0,1.62,3.82,3.82,-0.44
065650,하이퍼코퍼레이션,기타,1489.0,-31.68,0.65,0.0,0.0,0.0,1.63,-4.92,-22.2,-64.72
475460,미트박스,기타,2985.0,28.7,1.35,4.7,6.11,0.0,1.69,7.05,59.91,10.82
379390,이성씨엔아이,기타,5620.0,-3.59,-1.81,0.0,0.0,0.0,1.6,0.36,0.36,12.51
009730,이렘,기타,1993.0,0.0,0.0,0.0,0.0,0.0,1.59,-2.06,24.56,-18.88
005257,녹십자홀딩스2우,기타,18750.0,0.0,0.0,0.0,0.0,0.0,1.59,5.93,11.54,-23.16
101000,KS인더스트리,기타,1586.0,-1.84,0.39,0.0,0.0,0.0,1.57,23.62,75.25,-26.81
465770,STX그린로지스,기타,2155.0,-0.41,0.66,0.0,0.0,0.0,1.56,-43.29,13.3,-44.67
477340,에이치엠씨제7호스팩,기타,2055.0,64.22,1.06,1.65,38.92,0.0,1.54,-0.24,0.98,0.98
285800,진영,기타,4270.0,-5.4,0.42,0.0,0.0,0.0,1.53,16.51,3.64,-47.61
376930,노을,기타,1487.0,-0.6,0.59,0.0,0.0,0.0,1.53,-8.21,-55.14,-73.91
006200,한국전자홀딩스,기타,1629.0,-11.64,0.1,0.0,0.0,0.0,1.52,-8.43,-29.02,-59.33
030350,드래곤플라이,기타,973.0,-1.53,2.73,0.0,0.0,0.0,1.52,0.0,0.0,0.0
351020,미쥬,기타,7310.0,15.65,2.59,16.55,0.95,0.0,1.52,2.38,1.67,-9.42
476710,타조이엔터테인먼트,기타,15120.0,13.78,5.4,39.19,0.35,0.0,1.51,-11.06,-18.27,-20.25
002025,코오롱우,기타,12980.0,0.0,0.0,0.0,0.0,0.0,1.51,-3.49,-38.63,-60.25
225590,패션플랫폼,기타,2915.0,5.67,0.19,3.35,1.69,0.0,1.49,-8.62,-8.91,-38.63
004105,태양금속우,기타,4470.0,0.0,0.0,0.0,0.0,0.0,1.48,32.44,47.04,13.31
473050,유안타제15호스팩,기타,2110.0,54.1,1.07,1.98,27.32,0.0,1.48,0.48,1.69,2.18
489480,키움제11호스팩,기타,2200.0,-440.0,1.26,0.0,0.0,0.0,1.45,0.46,8.64,8.64
054410,케이피티유,기타,2990.0,5.42,0.32,5.9,0.92,0.0,1.71,-12.45,-5.83,-17.86
478440,미래에셋비전스팩6호,기타,2075.0,64.84,1.05,1.62,40.02,0.0,1.44,0.24,1.97,1.22
479880,한국제15호스팩,기타,2065.0,52.95,1.06,2.0,26.48,0.0,1.42,-0.24,0.49,0.49
000087,하이트진로2우B,기타,12310.0,0.0,0.0,0.0,0.0,0.0,1.39,-0.65,0.49,-10.93
001795,대한제당우,기타,2135.0,0.0,0.0,0.0,0.0,0.0,1.38,-1.84,0.71,-8.96
498390,한화플러스제5호스팩,기타,2795.0,-38.29,1.2,0.0,0.0,0.0,1.39,12.7,12.7,12.43
086220,광동헬스바이오,기타,1090.0,-5.92,0.73,0.0,0.0,0.0,1.38,9.55,9.0,-21.81
208850,이비테크,기타,4900.0,8.03,0.9,11.21,0.72,0.0,1.38,4.26,-7.55,-8.92
304840,피플바이오,기타,561.0,-0.78,0.43,0.0,0.0,0.0,1.36,0.0,-26.95,-53.37
352770,셀레스트라,기타,5250.0,-1.16,-1.82,0.0,0.0,0.0,1.36,0.0,0.0,0.0
244460,올리패스,기타,1651.0,0.0,0.0,0.0,0.0,0.0,1.34,0.0,0.0,0.0
177350,베셀,기타,1350.0,0.73,0.32,43.84,0.02,0.0,1.34,-15.99,15.78,-26.31
456190,큐라켐,기타,7210.0,-58.15,2.06,0.0,0.0,0.0,1.32,0.0,0.0,3.0
481890,엔에이치스팩31호,기타,2070.0,55.95,1.04,1.86,30.08,0.0,1.31,0.24,-0.24,-2.36
239340,이스트에이드,기타,2425.0,-2.05,0.91,0.0,0.0,0.0,1.31,-3.77,-17.8,-63.7
489730,디비금융제13호스팩,기타,2050.0,-157.69,1.04,0.0,0.0,0.0,1.3,0.24,1.49,0.74
478390,KB제29호스팩,기타,2065.0,59.0,1.03,1.75,33.71,0.0,1.28,0.24,0.98,0.24
092600,앤씨앤,기타,2560.0,1.03,0.32,31.07,0.03,0.0,1.28,34.67,19.07,-48.13
176590,코나솔,기타,2195.0,-4.43,1.1,0.0,0.0,0.0,1.28,-0.23,24.08,-17.94
084695,대상홀딩스우,기타,14010.0,0.0,0.0,0.0,0.0,0.0,1.28,12.62,24.42,2.71
335870,윙스풋,기타,3860.0,53.61,2.07,3.86,13.89,0.0,1.29,-23.72,-22.72,-57.84
054180,메디콕스,기타,2295.0,-1.04,0.27,0.0,0.0,0.0,1.27,0.0,0.0,0.0
492220,KB제31호스팩,기타,2035.0,-156.54,1.03,0.0,0.0,0.0,1.26,0.0,0.74,0.0
482520,교보16호스팩,기타,2065.0,295.0,1.03,0.35,842.86,0.0,1.26,0.24,1.98,1.23
028080,휴맥스홀딩스,기타,5170.0,-0.46,0.36,0.0,0.0,0.0,1.25,4.44,-9.93,-33.97
060480,국일신동,기타,1117.0,0.0,0.0,0.0,0.0,0.0,1.24,-24.88,-18.47,-38.39
065570,삼영이엔씨,기타,764.0,0.0,0.0,0.0,0.0,0.0,1.23,0.0,0.0,0.0
477760,DB금융스팩12호,기타,2070.0,0.0,0.0,0.0,0.0,0.0,1.21,-0.24,0.98,1.97
002820,SUN&L,기타,991.0,-5.33,0.05,0.0,0.0,0.0,1.2,-42.85,-54.12,-57.01
145995,삼양사우,기타,32150.0,0.0,0.0,0.0,0.0,0.0,1.19,-3.16,-3.16,0.16
469900,하나31호스팩,기타,2095.0,52.38,1.08,2.06,25.43,0.0,1.17,0.0,0.96,1.7
482690,대신밸런스제19호스팩,기타,2075.0,-34.02,1.02,0.0,0.0,0.0,1.17,-0.24,0.73,-2.58
474660,신한제12호스팩,기타,2090.0,-174.17,1.07,0.0,0.0,0.0,1.15,0.0,1.7,2.2
060900,에이전트AI,기타,1805.0,-0.28,0.19,0.0,0.0,0.0,1.18,-49.65,-59.84,-66.57
487360,신한제14호스팩,기타,2035.0,-53.55,1.08,0.0,0.0,0.0,1.15,0.25,0.99,0.49
474490,유안타제16호스팩,기타,2080.0,47.27,1.05,2.22,21.29,0.0,1.15,0.0,1.46,1.96
477470,미래에셋비전스팩5호,기타,2070.0,73.93,1.09,1.47,50.29,0.0,1.13,-0.24,-0.96,-0.24
354200,엔젠바이오,기타,704.0,-1.13,0.3,0.0,0.0,0.0,1.13,-53.04,-61.06,-76.77
024890,대원화성,기타,1368.0,3.22,0.25,7.76,0.41,0.0,1.13,-22.84,-53.94,-69.8
496070,신한제16호스팩,기타,2015.0,-67.17,1.6,0.0,0.0,0.0,1.13,0.25,0.5,0.0
217880,틸론,기타,1047.0,-4.03,10.17,0.0,0.0,0.0,1.12,-0.57,-0.1,-32.01
149010,아이케이세미콘,기타,3595.0,7.44,0.76,10.22,0.73,0.0,1.12,0.14,6.05,-19.3
131760,파인텍,기타,1285.0,-1.52,0.4,0.0,0.0,0.0,1.12,-3.6,-19.39,-75.19
035620,바른손이앤에이,기타,599.0,-1.62,0.19,0.0,0.0,0.0,1.11,-12.3,-13.06,-34.61
060260,뉴보텍,기타,835.0,6.37,0.53,8.32,0.77,0.0,1.11,-17.08,-42.09,-37.22
103230,에스앤더블류,기타,1535.0,2.32,0.22,9.48,0.24,0.0,1.11,-31.78,-41.19,-59.61
377220,프롬바이오,기타,1950.0,-0.49,0.39,0.0,0.0,0.0,1.1,-33.56,-28.44,-65.24
486630,KB제30호스팩,기타,2055.0,89.35,1.05,1.18,75.72,0.0,1.09,0.24,1.23,0.74
493790,유안타제17호스팩,기타,2020.0,-24.34,1.16,0.0,0.0,0.0,1.07,-0.49,0.5,0.5
489210,교보17호스팩,기타,2060.0,-103.0,1.04,0.0,0.0,0.0,1.07,0.73,1.98,-0.48
289010,아이스크림에듀,기타,762.0,-1.7,0.25,0.0,0.0,0.0,1.06,-21.77,-15.33,-50.84
217320,썬테크,기타,10000.0,-10.99,6.22,0.0,0.0,0.0,1.05,0.0,-9.5,66.67
001067,JW중외제약2우B,기타,50000.0,0.0,0.0,0.0,0.0,0.0,1.05,-0.4,15.74,-8.93
043100,알파AI,기타,520.0,-1.52,0.34,0.0,0.0,0.0,1.05,0.0,0.0,0.0
478110,이베스트스팩6호,기타,2062.0,128.88,1.14,0.88,146.45,0.0,1.04,0.34,1.08,1.58
216400,인바이츠바이오코아,기타,1338.0,-2.0,4.63,0.0,0.0,0.0,1.03,-16.79,150.09,-57.12
466690,키움히어로제1호스팩,기타,2015.0,-25.51,1.43,0.0,0.0,0.0,1.03,0.75,0.5,0.25
303030,지니틱스,기타,1115.0,61.94,2.35,3.79,16.34,0.0,1.02,-31.6,-23.05,-64.43
305090,마이크로디지탈,기타,538.0,0.0,0.0,0.0,0.0,0.0,1.02,0.0,-74.74,-88.85
114920,대주이엔티,기타,2895.0,3.12,0.24,7.69,0.41,0.0,1.0,0.0,10.92,14.65
142760,모아라이프플러스,기타,476.0,-0.7,0.31,0.0,0.0,0.0,1.0,-19.32,-40.05,-68.1
189350,코셋,기타,2070.0,-4.99,6.83,0.0,0.0,0.0,0.99,15.58,9.52,5.67
238500,솔루믹스,기타,475.0,-3.93,0.83,0.0,0.0,0.0,0.99,0.0,0.0,0.0
004255,NPC우,기타,1895.0,0.0,0.0,0.0,0.0,0.0,1.0,0.48,-5.49,-19.53
224760,엔에스컴퍼니,기타,2480.0,3.42,0.27,7.89,0.43,0.0,0.98,-2.17,-4.06,-14.19
233990,질경이,기타,600.0,2.52,1.36,53.97,0.05,0.0,0.97,-41.75,-56.74,-66.48
488060,유진스팩11호,기타,2050.0,227.78,1.03,0.45,506.18,0.0,0.97,0.24,0.49,-0.24
006050,국영지앤엠,기타,2750.0,0.0,0.0,0.0,0.0,0.0,0.96,-43.36,-38.89,-75.62
019685,대교우B,기타,989.0,0.0,0.0,0.0,0.0,0.0,0.96,-17.31,-31.79,-50.55
106080,케이이엠텍,기타,1650.0,-0.69,0.32,0.0,0.0,0.0,0.95,0.0,0.0,0.0
145210,다이나믹디자인,기타,2240.0,-0.92,0.21,0.0,0.0,0.0,0.95,0.0,0.0,0.0
208640,썸에이지,기타,666.0,-1.0,0.72,0.0,0.0,0.0,0.93,-5.26,-5.13,-57.09
065770,CS,기타,881.0,-8.55,0.49,0.0,0.0,0.0,0.93,-26.89,-41.66,-72.21
289170,바이오텐,기타,2590.0,-7.97,4.33,0.0,0.0,0.0,0.93,-7.33,-12.79,10.92
185190,수프로,기타,999.0,24.98,1.82,7.29,3.43,0.0,0.92,11.12,11.12,0.91
484130,하나34호스팩,기타,2040.0,-113.33,1.08,0.0,0.0,0.0,0.92,-0.24,0.0,-0.49
003075,코오롱글로벌우,기타,12380.0,0.0,0.0,0.0,0.0,0.0,0.92,-5.64,-7.61,-16.46
001755,한양증권우,기타,19290.0,0.0,0.0,0.0,0.0,0.0,0.91,-0.05,-3.79,-31.47
473950,에스케이증권제13호스팩,기타,2050.0,128.12,1.06,0.83,154.36,0.0,0.91,0.0,0.99,0.99
015260,에이엔피,기타,192.0,-0.61,0.42,0.0,0.0,0.0,0.9,-45.45,-34.02,-70.32
487720,키움제10호스팩,기타,2135.0,-35.58,1.1,0.0,0.0,0.0,0.9,4.4,5.17,5.69
103660,씨앗,기타,1500.0,-38.46,14.02,0.0,0.0,0.0,0.9,0.13,-16.53,-5.6
487830,신한제15호스팩,기타,2040.0,-120.0,1.07,0.0,0.0,0.0,0.89,-0.49,0.0,-0.49
468760,유진스팩10호,기타,2080.0,57.78,1.03,1.78,32.46,0.0,0.88,0.0,0.0,-0.48
472230,에스케이증권제11호스팩,기타,2110.0,84.4,1.05,1.24,68.06,0.0,0.88,0.48,1.93,2.43
067770,세진티에스,기타,1031.0,12.13,0.18,1.48,8.2,0.0,0.87,-60.35,-50.55,-52.27
302920,더콘텐츠온,기타,1900.0,-2.65,1.64,0.0,0.0,0.0,0.86,36.69,313.04,-34.48
318660,타임기술,기타,4000.0,-5.73,4000.0,0.0,0.0,0.0,0.86,5.26,11.11,48.15
233250,메디안디노스틱,기타,4900.0,7.12,0.4,5.62,1.27,0.0,0.86,-2.0,-37.18,-45.43
244880,나눔테크,기타,1699.0,0.0,0.0,0.0,0.0,0.0,0.85,0.12,-0.93,-13.58
251280,안지오랩,기타,2440.0,-12.51,8.33,0.0,0.0,0.0,0.85,-23.75,35.56,36.01
001000,신라섬유,기타,1729.0,-144.08,2.92,0.0,0.0,0.0,0.84,-25.15,-56.12,-77.04
012340,뉴인텍,기타,374.0,-0.38,0.33,0.0,0.0,0.0,0.82,-31.75,-42.28,-68.86
000225,유유제약1우,기타,3640.0,0.0,0.0,0.0,0.0,0.0,0.83,-1.22,7.85,-16.89
276240,엘리비젼,기타,665.0,-8.01,-2.67,0.0,0.0,0.0,0.82,-2.06,37.11,76.39
087260,모바일어플라이언스,기타,247.0,-14.53,0.16,0.0,0.0,0.0,0.8,0.0,-5.0,-88.95
001515,SK증권우,기타,3985.0,0.0,0.0,0.0,0.0,0.0,0.78,-2.8,0.38,-60.11
475250,하나33호스팩,기타,2090.0,58.06,1.06,1.83,31.73,0.0,0.77,0.0,0.97,0.24
199290,바이오프로테크,기타,452.0,90.4,-0.9,-1.0,0.0,0.0,0.77,18.95,13.0,1.8
079970,투비소프트,기타,596.0,6.93,0.34,4.91,1.41,0.0,0.76,0.0,0.0,0.0
474930,신한제13호스팩,기타,2090.0,80.38,1.14,1.42,56.61,0.0,0.76,-0.48,0.0,-0.24
178600,대동고려삼,기타,1699.0,-6.8,0.35,0.0,0.0,0.0,0.76,-5.03,6.25,-15.01
212310,오건에코텍,기타,635.0,-1.03,1.21,0.0,0.0,0.0,0.75,0.0,0.0,0.0
240600,유진테크놀로지,기타,900.0,-0.96,0.19,0.0,0.0,0.0,0.75,-47.25,-46.3,-65.28
299480,지앤이헬스케어,기타,671.0,-111.83,1.55,0.0,0.0,0.0,0.74,22.0,110.34,70.74
001065,JW중외제약우,기타,21600.0,0.0,0.0,0.0,0.0,0.0,0.74,-4.64,7.46,-15.29
288980,모아데이타,기타,203.0,-0.36,0.39,0.0,0.0,0.0,0.74,-39.94,-78.65,-83.07
065420,에스아이리소스,기타,940.0,-32.41,8.79,0.0,0.0,0.0,0.73,0.0,-47.19,-66.06
199150,데이터스트림즈,기타,1700.0,21.25,2.74,12.89,1.65,0.0,0.73,0.89,-26.09,-17.27
276040,스코넥,기타,327.0,-0.26,0.54,0.0,0.0,0.0,0.71,0.0,0.0,0.0
000325,노루홀딩스우,기타,28950.0,0.0,0.0,0.0,0.0,0.0,0.71,5.66,18.16,-2.2
473000,에스케이증권제12호스팩,기타,2080.0,83.2,1.05,1.26,66.03,0.0,0.69,0.0,1.22,1.46
004835,덕성우,기타,4870.0,0.0,0.0,0.0,0.0,0.0,0.68,13.52,6.92,-24.14
475240,하나32호스팩,기타,2095.0,59.86,1.07,1.79,33.44,0.0,0.67,0.0,0.24,0.48
066830,제노텍,기타,1165.0,-8.69,0.62,0.0,0.0,0.0,0.66,-7.55,-4.76,9.19
004985,성신양회우,기타,8880.0,0.0,0.0,0.0,0.0,0.0,0.65,2.78,-7.69,-21.0
308100,형지글로벌,기타,251.0,-0.13,0.1,0.0,0.0,0.0,0.65,-29.49,-47.82,-69.94
234070,에이원큐브텍,기타,924.0,-0.42,0.18,0.0,0.0,0.0,0.64,0.0,1.2,5.12
236340,메디젠휴먼케어,기타,2095.0,-2.9,-0.6,0.0,0.0,0.0,0.63,13.24,-4.77,-8.91
447690,아이오바이오,기타,2235.0,-1.87,-2.08,0.0,0.0,0.0,0.62,4.44,-12.18,-21.02
044380,주연테크,기타,436.0,-3.33,0.15,0.0,0.0,0.0,0.61,-53.17,-47.72,-79.72
253610,루트락,기타,578.0,0.0,0.0,0.0,0.0,0.0,0.59,-0.17,-36.13,-51.02
250930,예선테크,기타,893.0,-7.83,0.38,0.0,0.0,0.0,0.59,-50.5,-51.73,-60.4
900100,파이온엑스,기타,1096.0,-0.44,0.16,0.0,0.0,0.0,0.58,-48.06,-50.18,-74.57
012205,계양전기우,기타,4940.0,0.0,0.0,0.0,0.0,0.0,0.58,-3.14,-25.62,-70.92
267080,세븐브로이맥주,기타,486.0,-0.33,5.34,0.0,0.0,0.0,0.58,0.0,0.0,0.0
291810,핀텔,기타,409.0,68.17,0.22,0.32,213.03,0.0,0.57,-75.6,-62.65,-74.42
136660,큐엠씨,기타,2400.0,-1.66,0.76,0.0,0.0,0.0,0.57,-2.04,60.0,26.32
090355,노루페인트우,기타,12220.0,0.0,0.0,0.0,0.0,0.0,0.57,2.43,19.45,-2.63
224810,엄지하우스,기타,1340.0,-1.65,0.63,0.0,0.0,0.0,0.56,-12.99,1.44,-8.84
390110,애니메디솔루션,기타,575.0,-2.23,11.27,0.0,0.0,0.0,0.56,93.6,375.21,92.95
202960,판도라티비,기타,466.0,6.21,0.32,5.15,1.21,0.0,0.56,42.07,67.03,-15.27
044180,KD,기타,205.0,-0.21,0.39,0.0,0.0,0.0,0.55,0.0,0.0,0.0
313760,캐리,기타,468.0,-0.59,0.24,0.0,0.0,0.0,0.52,0.0,0.0,0.0
266350,팡스카이,기타,398.0,-4.1,-0.48,0.0,0.0,0.0,0.5,0.0,0.0,0.0
258050,테크트랜스,기타,449.0,-9.16,12.14,0.0,0.0,0.0,0.5,0.0,0.0,0.0
311960,인터로이드,기타,1617.0,-0.67,0.93,0.0,0.0,0.0,0.5,-9.82,-10.02,11.52
346010,타이드,기타,1000.0,-1.31,-1.35,0.0,0.0,0.0,0.49,0.0,0.0,0.0
001770,SHD,기타,3925.0,1.63,0.09,5.52,0.3,0.0,0.48,-73.1,-38.48,-76.5
052770,아이톡시,기타,312.0,-0.21,0.69,0.0,0.0,0.0,0.45,0.0,0.0,0.0
225430,케이엠제약,기타,698.0,-4.26,0.6,0.0,0.0,0.0,0.45,-24.38,-47.6,-73.0
116100,태양기계,기타,605.0,4.8,0.22,4.58,1.05,0.0,0.45,0.0,-2.42,5.03
000545,흥국화재우,기타,5760.0,0.0,0.0,0.0,0.0,0.0,0.44,1.41,7.26,-15.29
332190,오션스바이오,기타,2975.0,-4.1,2.93,0.0,0.0,0.0,0.44,10.37,-17.45,36.07
217910,에스제이켐,기타,314.0,-1.61,1.69,0.0,0.0,0.0,0.44,25.6,4.67,-1.26
000145,하이트진로홀딩스우,기타,9140.0,0.0,0.0,0.0,0.0,0.0,0.43,-1.19,-4.29,-17.88
025870,신라에스지,기타,1059.0,-1.27,0.3,0.0,0.0,0.0,0.42,-29.16,-44.23,-73.79
002995,금호건설우,기타,14270.0,0.0,0.0,0.0,0.0,0.0,0.42,-29.0,-68.43,-1.99
215570,크로넥스,기타,600.0,-2.08,3.66,0.0,0.0,0.0,0.4,-14.29,-24.91,-43.71
402420,켈스,기타,1700.0,-4.29,-0.42,0.0,0.0,0.0,0.4,-10.48,0.0,54.69
009415,태영건설우,기타,6010.0,0.0,0.0,0.0,0.0,0.0,0.39,-5.21,-11.36,-46.24
005965,동부건설우,기타,17100.0,0.0,0.0,0.0,0.0,0.0,0.39,-0.47,4.59,-9.95
121060,유니포인트,기타,731.0,14.92,0.57,3.82,3.91,0.0,0.38,3.98,-7.0,4.28
296520,가이아코퍼레이션,기타,801.0,-0.95,1.27,0.0,0.0,0.0,0.37,14.1,32.84,39.06
236030,씨알푸드,기타,1837.0,-3.94,7.12,0.0,0.0,0.0,0.37,-37.09,-25.02,-31.96
092590,럭스피아,기타,510.0,-4.15,0.28,0.0,0.0,0.0,0.37,-17.74,-29.85,-35.28
208890,미래엔에듀파트너,기타,900.0,21.43,0.88,4.11,5.21,0.0,0.36,-0.33,0.0,-7.69
014825,동원시스템즈우,기타,13510.0,0.0,0.0,0.0,0.0,0.0,0.36,-6.96,-1.31,-16.35
007575,일양약품우,기타,7890.0,0.0,0.0,0.0,0.0,0.0,0.35,2.2,10.2,-16.68
014285,금강공업우,기타,5890.0,0.0,0.0,0.0,0.0,0.0,0.35,11.76,5.37,-16.81
199730,바이오인프라,기타,695.0,-0.85,0.12,0.0,0.0,0.0,0.34,-48.21,-64.41,-82.47
058450,한주에이알티,기타,599.0,-0.21,0.22,0.0,0.0,0.0,0.32,-60.15,-86.6,-88.04
245450,씨앤에스링크,기타,1995.0,8.45,1.2,14.2,0.6,0.0,0.32,5.17,27.88,33.0
413300,티엘엔지니어링,기타,2275.0,-6.94,2.76,0.0,0.0,0.0,0.31,19.8,9.11,6.06
011080,형지I&C,기타,430.0,-0.21,0.06,0.0,0.0,0.0,0.31,-49.11,-77.55,-86.15
005745,크라운해태홀딩스우,기타,5000.0,0.0,0.0,0.0,0.0,0.0,0.3,-6.19,-2.72,-31.6
014915,성문전자우,기타,4900.0,0.0,0.0,0.0,0.0,0.0,0.29,2.83,9.38,-16.24
266470,바이오인프라생명과학,기타,100.0,-0.57,0.93,0.0,0.0,0.0,0.28,-10.71,0.0,-15.25
000227,유유제약2우B,기타,8120.0,0.0,0.0,0.0,0.0,0.0,0.26,14.37,-3.33,-24.47
093510,엔지브이아이,기타,413.0,-3.3,-1.41,0.0,0.0,0.0,0.25,-31.4,-23.8,-36.75
005030,부산주공,기타,25.0,0.0,0.0,0.0,0.0,0.0,0.23,-94.86,-94.86,-94.86
008355,남선알미우,기타,7180.0,0.0,0.0,0.0,0.0,0.0,0.22,-3.1,4.66,-49.44
140660,위월드,기타,801.0,4.98,0.23,4.62,1.08,0.0,0.2,7.09,0.12,-29.24
001525,동양우,기타,7500.0,0.0,0.0,0.0,0.0,0.0,0.2,-15.25,-10.82,-13.19
448780,마이크로엔엑스,기타,685.0,4.79,0.2,4.18,1.15,0.0,0.18,-6.55,-1.86,-22.95
035290,골드앤에스,기타,384.0,128.0,0.71,0.55,232.73,0.0,0.18,-67.87,-79.21,-89.91
021045,대호특수강우,기타,2000.0,0.0,0.0,0.0,0.0,0.0,0.17,-19.84,0.0,-25.51
223220,로지스몬,기타,122.0,0.0,0.0,0.0,0.0,0.0,0.16,22.0,-72.08,-87.09
266170,레드우즈,기타,1050.0,-0.3,5.05,0.0,0.0,0.0,0.14,0.0,0.0,0.0
004545,깨끗한나라우,기타,3395.0,0.0,0.0,0.0,0.0,0.0,0.12,-19.17,-44.34,-66.15
005110,한창,기타,58.0,0.02,0.07,350.0,0.0,0.0,0.12,-95.37,-95.37,-95.37
011155,CJ씨푸드1우,기타,5440.0,0.0,0.0,0.0,0.0,0.0,0.11,-15.53,-34.22,-58.69
001527,동양2우B,기타,4900.0,0.0,0.0,0.0,0.0,0.0,0.1,-16.81,-48.91,-66.44
004415,서울식품우,기타,3915.0,0.0,0.0,0.0,0.0,0.0,0.09,-24.13,-46.44,-67.18
312610,에이에프더블류,기타,37.0,-0.13,0.01,0.0,0.0,0.0,0.07,-87.06,-91.08,-96.95
002785,진흥기업우B,기타,6840.0,0.0,0.0,0.0,0.0,0.0,0.06,-48.49,-65.17,-79.91
032685,소프트센우,기타,6230.0,0.0,0.0,0.0,0.0,0.0,0.04,-28.39,-40.04,-80.13
341170,퓨쳐메디신,기타,38.0,-0.1,-0.21,0.0,0.0,0.0,0.04,-92.34,-90.45,-97.76
002787,진흥기업2우B,기타,9930.0,0.0,0.0,0.0,0.0,0.0,0.03,-64.54,-72.94,-87.92
